Workbook

Sheet Setup
B2: Write out your own habits here: | D2: Choose emojis | E2: ⤵️⤵️⤵️ | G2: Emoji keyboard shortcut:
B3: =IFERROR(FILTER(raw_trackers!B2:B, raw_trackers!B2:B<>""), "") | D3: 0 habits done | G3: 🪟: Press Windows + ; (semi-colon) or Windows + . (period)
D4: 1 habit done | E4: 😶 | G4: 🍏: Control + Command + Spacebar
D5: 2 habits done | E5: 🙂
D6: 3 habits done | E6: 😊
D7: 4 habits done | E7: 😍
D8: 5 habits done | E8: 🚀
D9: 6 habits or more | E9: 🔥

Sheet Habits Tracker 2026
B1: Year: | D1: 2026 | I1: =DATE($D$1,1,1) | J1: =I1 | K1: =J1+1 | L1: =K1+1 | M1: =L1+1 | N1: =M1+1 | O1: =N1+1 | P1: =O1+1 | Q1: =P1+1 | R1: =Q1+1 | ... AN1: =AM1+1 | AO1: TOTAL | AQ1: current streak 🔥 | AR1: longest streak😼 | AS1: Goal🔢 | AT1: Progress 📈
B2: Week start: | E2: Monday | I2: =D1 | J2: =J1 | K2: =K1 | L2: =L1 | M2: =M1 | N2: =N1 | O2: =O1 | P2: =P1 | Q2: =Q1 | ... AN2: =AN1
B3: Пн | C3: Вт | D3: Ср | E3: Чт | F3: Пт | G3: Сб | H3: Вс | I3: =ARRAYFORMULA(Setup!B3:B22) | AO3: =SUM(J3:AN3) | AT3: =IF(AS3>0, AO3/AS3, "")
A4: =WEEKNUM(B4,2) | B4: =IFERROR(DATE($D$1, MONTH(I1), 1) - WEEKDAY(DATE($D$1, MONTH(I1), 1), 2) + 1 + 0*7 + 0, "") | C4: =IFERROR(DATE($D$1, MONTH(I1), 1) - WEEKDAY(DATE($D$1, MONTH(I1), 1), 2) + 1 + 0*7 + 1, "") | D4: =IFERROR(DATE($D$1, MONTH(I1), 1) - WEEKDAY(DATE($D$1, MONTH(I1), 1), 2) + 1 + 0*7 + 2, "") | E4: =IFERROR(DATE($D$1, MONTH(I1), 1) - WEEKDAY(DATE($D$1, MONTH(I1), 1), 2) + 1 + 0*7 + 3, "") | F4: =IFERROR(DATE($D$1, MONTH(I1), 1) - WEEKDAY(DATE($D$1, MONTH(I1), 1), 2) + 1 + 0*7 + 4, "") | G4: =IFERROR(DATE($D$1, MONTH(I1), 1) - WEEKDAY(DATE($D$1, MONTH(I1), 1), 2) + 1 + 0*7 + 5, "") | H4: =IFERROR(DATE($D$1, MONTH(I1), 1) - WEEKDAY(DATE($D$1, MONTH(I1), 1), 2) + 1 + 0*7 + 6, "") | AO4: =SUM(J4:AN4) | AT4: =IF(AS4>0, AO4/AS4, "")
A5: =WEEKNUM(B5,2) | B5: =IFERROR(DATE($D$1, MONTH(I1), 1) - WEEKDAY(DATE($D$1, MONTH(I1), 1), 2) + 1 + 1*7 + 0, "") | C5: =IFERROR(DATE($D$1, MONTH(I1), 1) - WEEKDAY(DATE($D$1, MONTH(I1), 1), 2) + 1 + 1*7 + 1, "") | D5: =IFERROR(DATE($D$1, MONTH(I1), 1) - WEEKDAY(DATE($D$1, MONTH(I1), 1), 2) + 1 + 1*7 + 2, "") | E5: =IFERROR(DATE($D$1, MONTH(I1), 1) - WEEKDAY(DATE($D$1, MONTH(I1), 1), 2) + 1 + 1*7 + 3, "") | F5: =IFERROR(DATE($D$1, MONTH(I1), 1) - WEEKDAY(DATE($D$1, MONTH(I1), 1), 2) + 1 + 1*7 + 4, "") | G5: =IFERROR(DATE($D$1, MONTH(I1), 1) - WEEKDAY(DATE($D$1, MONTH(I1), 1), 2) + 1 + 1*7 + 5, "") | H5: =IFERROR(DATE($D$1, MONTH(I1), 1) - WEEKDAY(DATE($D$1, MONTH(I1), 1), 2) + 1 + 1*7 + 6, "") | AO5: =SUM(J5:AN5) | AT5: =IF(AS5>0, AO5/AS5, "")
A6: =WEEKNUM(B6,2) | B6: =IFERROR(DATE($D$1, MONTH(I1), 1) - WEEKDAY(DATE($D$1, MONTH(I1), 1), 2) + 1 + 2*7 + 0, "") | C6: =IFERROR(DATE($D$1, MONTH(I1), 1) - WEEKDAY(DATE($D$1, MONTH(I1), 1), 2) + 1 + 2*7 + 1, "") | D6: =IFERROR(DATE($D$1, MONTH(I1), 1) - WEEKDAY(DATE($D$1, MONTH(I1), 1), 2) + 1 + 2*7 + 2, "") | E6: =IFERROR(DATE($D$1, MONTH(I1), 1) - WEEKDAY(DATE($D$1, MONTH(I1), 1), 2) + 1 + 2*7 + 3, "") | F6: =IFERROR(DATE($D$1, MONTH(I1), 1) - WEEKDAY(DATE($D$1, MONTH(I1), 1), 2) + 1 + 2*7 + 4, "") | G6: =IFERROR(DATE($D$1, MONTH(I1), 1) - WEEKDAY(DATE($D$1, MONTH(I1), 1), 2) + 1 + 2*7 + 5, "") | H6: =IFERROR(DATE($D$1, MONTH(I1), 1) - WEEKDAY(DATE($D$1, MONTH(I1), 1), 2) + 1 + 2*7 + 6, "") | AO6: =SUM(J6:AN6) | AT6: =IF(AS6>0, AO6/AS6, "")
A7: =WEEKNUM(B7,2) | B7: =IFERROR(DATE($D$1, MONTH(I1), 1) - WEEKDAY(DATE($D$1, MONTH(I1), 1), 2) + 1 + 3*7 + 0, "") | C7: =IFERROR(DATE($D$1, MONTH(I1), 1) - WEEKDAY(DATE($D$1, MONTH(I1), 1), 2) + 1 + 3*7 + 1, "") | D7: =IFERROR(DATE($D$1, MONTH(I1), 1) - WEEKDAY(DATE($D$1, MONTH(I1), 1), 2) + 1 + 3*7 + 2, "") | E7: =IFERROR(DATE($D$1, MONTH(I1), 1) - WEEKDAY(DATE($D$1, MONTH(I1), 1), 2) + 1 + 3*7 + 3, "") | F7: =IFERROR(DATE($D$1, MONTH(I1), 1) - WEEKDAY(DATE($D$1, MONTH(I1), 1), 2) + 1 + 3*7 + 4, "") | G7: =IFERROR(DATE($D$1, MONTH(I1), 1) - WEEKDAY(DATE($D$1, MONTH(I1), 1), 2) + 1 + 3*7 + 5, "") | H7: =IFERROR(DATE($D$1, MONTH(I1), 1) - WEEKDAY(DATE($D$1, MONTH(I1), 1), 2) + 1 + 3*7 + 6, "") | AO7: =SUM(J7:AN7) | AT7: =IF(AS7>0, AO7/AS7, "")
A8: =WEEKNUM(B8,2) | B8: =IFERROR(DATE($D$1, MONTH(I1), 1) - WEEKDAY(DATE($D$1, MONTH(I1), 1), 2) + 1 + 4*7 + 0, "") | C8: =IFERROR(DATE($D$1, MONTH(I1), 1) - WEEKDAY(DATE($D$1, MONTH(I1), 1), 2) + 1 + 4*7 + 1, "") | D8: =IFERROR(DATE($D$1, MONTH(I1), 1) - WEEKDAY(DATE($D$1, MONTH(I1), 1), 2) + 1 + 4*7 + 2, "") | E8: =IFERROR(DATE($D$1, MONTH(I1), 1) - WEEKDAY(DATE($D$1, MONTH(I1), 1), 2) + 1 + 4*7 + 3, "") | F8: =IFERROR(DATE($D$1, MONTH(I1), 1) - WEEKDAY(DATE($D$1, MONTH(I1), 1), 2) + 1 + 4*7 + 4, "") | G8: =IFERROR(DATE($D$1, MONTH(I1), 1) - WEEKDAY(DATE($D$1, MONTH(I1), 1), 2) + 1 + 4*7 + 5, "") | H8: =IFERROR(DATE($D$1, MONTH(I1), 1) - WEEKDAY(DATE($D$1, MONTH(I1), 1), 2) + 1 + 4*7 + 6, "") | AO8: =SUM(J8:AN8) | AT8: =IF(AS8>0, AO8/AS8, "")
A9: =WEEKNUM(B9,2) | B9: =IFERROR(DATE($D$1, MONTH(I1), 1) - WEEKDAY(DATE($D$1, MONTH(I1), 1), 2) + 1 + 5*7 + 0, "") | C9: =IFERROR(DATE($D$1, MONTH(I1), 1) - WEEKDAY(DATE($D$1, MONTH(I1), 1), 2) + 1 + 5*7 + 1, "") | D9: =IFERROR(DATE($D$1, MONTH(I1), 1) - WEEKDAY(DATE($D$1, MONTH(I1), 1), 2) + 1 + 5*7 + 2, "") | E9: =IFERROR(DATE($D$1, MONTH(I1), 1) - WEEKDAY(DATE($D$1, MONTH(I1), 1), 2) + 1 + 5*7 + 3, "") | F9: =IFERROR(DATE($D$1, MONTH(I1), 1) - WEEKDAY(DATE($D$1, MONTH(I1), 1), 2) + 1 + 5*7 + 4, "") | G9: =IFERROR(DATE($D$1, MONTH(I1), 1) - WEEKDAY(DATE($D$1, MONTH(I1), 1), 2) + 1 + 5*7 + 5, "") | H9: =IFERROR(DATE($D$1, MONTH(I1), 1) - WEEKDAY(DATE($D$1, MONTH(I1), 1), 2) + 1 + 5*7 + 6, "") | AO9: =SUM(J9:AN9) | AT9: =IF(AS9>0, AO9/AS9, "")
AO10: =SUM(J10:AN10) | AT10: =IF(AS10>0, AO10/AS10, "")
AO11: =SUM(J11:AN11) | AT11: =IF(AS11>0, AO11/AS11, "")
AO12: =SUM(J12:AN12) | AT12: =IF(AS12>0, AO12/AS12, "")
AO13: =SUM(J13:AN13) | AT13: =IF(AS13>0, AO13/AS13, "")
AO14: =SUM(J14:AN14) | AT14: =IF(AS14>0, AO14/AS14, "")
AO15: =SUM(J15:AN15) | AT15: =IF(AS15>0, AO15/AS15, "")
AO16: =SUM(J16:AN16) | AT16: =IF(AS16>0, AO16/AS16, "")
AO17: =SUM(J17:AN17) | AT17: =IF(AS17>0, AO17/AS17, "")
AO18: =SUM(J18:AN18) | AT18: =IF(AS18>0, AO18/AS18, "")
AO19: =SUM(J19:AN19) | AT19: =IF(AS19>0, AO19/AS19, "")
AO20: =SUM(J20:AN20) | AT20: =IF(AS20>0, AO20/AS20, "")
AO21: =SUM(J21:AN21) | AT21: =IF(AS21>0, AO21/AS21, "")
AO22: =SUM(J22:AN22) | AT22: =IF(AS22>0, AO22/AS22, "")
A24: 🌬️ | B24: FEBRUARY | I24: =DATE($D$1,2,1) | J24: =I24 | K24: =J24+1 | L24: =K24+1 | M24: =L24+1 | N24: =M24+1 | O24: =N24+1 | P24: =O24+1 | Q24: =P24+1 | R24: =Q24+1 | ... AL24: =AK24+1 | AO24: TOTAL | AQ24: current streak 🔥 | AR24: longest streak😼 | AS24: Goal🔢 | AT24: Progress 📈
J25: =J24 | K25: =K24 | L25: =L24 | M25: =M24 | N25: =N24 | O25: =O24 | P25: =P24 | Q25: =Q24 | ... AL25: =AL24
B26: Пн | C26: Вт | D26: Ср | E26: Чт | F26: Пт | G26: Сб | H26: Вс | I26: =ARRAYFORMULA(Setup!B3:B22) | AO26: =SUM(J26:AN26) | AT26: =IF(AS26>0, AO26/AS26, "")
A27: =WEEKNUM(B27,2) | B27: =IFERROR(DATE($D$1, MONTH(I24), 1) - WEEKDAY(DATE($D$1, MONTH(I24), 1), 2) + 1 + 0*7 + 0, "") | C27: =IFERROR(DATE($D$1, MONTH(I24), 1) - WEEKDAY(DATE($D$1, MONTH(I24), 1), 2) + 1 + 0*7 + 1, "") | D27: =IFERROR(DATE($D$1, MONTH(I24), 1) - WEEKDAY(DATE($D$1, MONTH(I24), 1), 2) + 1 + 0*7 + 2, "") | E27: =IFERROR(DATE($D$1, MONTH(I24), 1) - WEEKDAY(DATE($D$1, MONTH(I24), 1), 2) + 1 + 0*7 + 3, "") | F27: =IFERROR(DATE($D$1, MONTH(I24), 1) - WEEKDAY(DATE($D$1, MONTH(I24), 1), 2) + 1 + 0*7 + 4, "") | G27: =IFERROR(DATE($D$1, MONTH(I24), 1) - WEEKDAY(DATE($D$1, MONTH(I24), 1), 2) + 1 + 0*7 + 5, "") | H27: =IFERROR(DATE($D$1, MONTH(I24), 1) - WEEKDAY(DATE($D$1, MONTH(I24), 1), 2) + 1 + 0*7 + 6, "") | AO27: =SUM(J27:AN27) | AT27: =IF(AS27>0, AO27/AS27, "")
A28: =WEEKNUM(B28,2) | B28: =IFERROR(DATE($D$1, MONTH(I24), 1) - WEEKDAY(DATE($D$1, MONTH(I24), 1), 2) + 1 + 1*7 + 0, "") | C28: =IFERROR(DATE($D$1, MONTH(I24), 1) - WEEKDAY(DATE($D$1, MONTH(I24), 1), 2) + 1 + 1*7 + 1, "") | D28: =IFERROR(DATE($D$1, MONTH(I24), 1) - WEEKDAY(DATE($D$1, MONTH(I24), 1), 2) + 1 + 1*7 + 2, "") | E28: =IFERROR(DATE($D$1, MONTH(I24), 1) - WEEKDAY(DATE($D$1, MONTH(I24), 1), 2) + 1 + 1*7 + 3, "") | F28: =IFERROR(DATE($D$1, MONTH(I24), 1) - WEEKDAY(DATE($D$1, MONTH(I24), 1), 2) + 1 + 1*7 + 4, "") | G28: =IFERROR(DATE($D$1, MONTH(I24), 1) - WEEKDAY(DATE($D$1, MONTH(I24), 1), 2) + 1 + 1*7 + 5, "") | H28: =IFERROR(DATE($D$1, MONTH(I24), 1) - WEEKDAY(DATE($D$1, MONTH(I24), 1), 2) + 1 + 1*7 + 6, "") | AO28: =SUM(J28:AN28) | AT28: =IF(AS28>0, AO28/AS28, "")
A29: =WEEKNUM(B29,2) | B29: =IFERROR(DATE($D$1, MONTH(I24), 1) - WEEKDAY(DATE($D$1, MONTH(I24), 1), 2) + 1 + 2*7 + 0, "") | C29: =IFERROR(DATE($D$1, MONTH(I24), 1) - WEEKDAY(DATE($D$1, MONTH(I24), 1), 2) + 1 + 2*7 + 1, "") | D29: =IFERROR(DATE($D$1, MONTH(I24), 1) - WEEKDAY(DATE($D$1, MONTH(I24), 1), 2) + 1 + 2*7 + 2, "") | E29: =IFERROR(DATE($D$1, MONTH(I24), 1) - WEEKDAY(DATE($D$1, MONTH(I24), 1), 2) + 1 + 2*7 + 3, "") | F29: =IFERROR(DATE($D$1, MONTH(I24), 1) - WEEKDAY(DATE($D$1, MONTH(I24), 1), 2) + 1 + 2*7 + 4, "") | G29: =IFERROR(DATE($D$1, MONTH(I24), 1) - WEEKDAY(DATE($D$1, MONTH(I24), 1), 2) + 1 + 2*7 + 5, "") | H29: =IFERROR(DATE($D$1, MONTH(I24), 1) - WEEKDAY(DATE($D$1, MONTH(I24), 1), 2) + 1 + 2*7 + 6, "") | AO29: =SUM(J29:AN29) | AT29: =IF(AS29>0, AO29/AS29, "")
A30: =WEEKNUM(B30,2) | B30: =IFERROR(DATE($D$1, MONTH(I24), 1) - WEEKDAY(DATE($D$1, MONTH(I24), 1), 2) + 1 + 3*7 + 0, "") | C30: =IFERROR(DATE($D$1, MONTH(I24), 1) - WEEKDAY(DATE($D$1, MONTH(I24), 1), 2) + 1 + 3*7 + 1, "") | D30: =IFERROR(DATE($D$1, MONTH(I24), 1) - WEEKDAY(DATE($D$1, MONTH(I24), 1), 2) + 1 + 3*7 + 2, "") | E30: =IFERROR(DATE($D$1, MONTH(I24), 1) - WEEKDAY(DATE($D$1, MONTH(I24), 1), 2) + 1 + 3*7 + 3, "") | F30: =IFERROR(DATE($D$1, MONTH(I24), 1) - WEEKDAY(DATE($D$1, MONTH(I24), 1), 2) + 1 + 3*7 + 4, "") | G30: =IFERROR(DATE($D$1, MONTH(I24), 1) - WEEKDAY(DATE($D$1, MONTH(I24), 1), 2) + 1 + 3*7 + 5, "") | H30: =IFERROR(DATE($D$1, MONTH(I24), 1) - WEEKDAY(DATE($D$1, MONTH(I24), 1), 2) + 1 + 3*7 + 6, "") | AO30: =SUM(J30:AN30) | AT30: =IF(AS30>0, AO30/AS30, "")
A31: =WEEKNUM(B31,2) | B31: =IFERROR(DATE($D$1, MONTH(I24), 1) - WEEKDAY(DATE($D$1, MONTH(I24), 1), 2) + 1 + 4*7 + 0, "") | C31: =IFERROR(DATE($D$1, MONTH(I24), 1) - WEEKDAY(DATE($D$1, MONTH(I24), 1), 2) + 1 + 4*7 + 1, "") | D31: =IFERROR(DATE($D$1, MONTH(I24), 1) - WEEKDAY(DATE($D$1, MONTH(I24), 1), 2) + 1 + 4*7 + 2, "") | E31: =IFERROR(DATE($D$1, MONTH(I24), 1) - WEEKDAY(DATE($D$1, MONTH(I24), 1), 2) + 1 + 4*7 + 3, "") | F31: =IFERROR(DATE($D$1, MONTH(I24), 1) - WEEKDAY(DATE($D$1, MONTH(I24), 1), 2) + 1 + 4*7 + 4, "") | G31: =IFERROR(DATE($D$1, MONTH(I24), 1) - WEEKDAY(DATE($D$1, MONTH(I24), 1), 2) + 1 + 4*7 + 5, "") | H31: =IFERROR(DATE($D$1, MONTH(I24), 1) - WEEKDAY(DATE($D$1, MONTH(I24), 1), 2) + 1 + 4*7 + 6, "") | AO31: =SUM(J31:AN31) | AT31: =IF(AS31>0, AO31/AS31, "")
A32: =WEEKNUM(B32,2) | B32: =IFERROR(DATE($D$1, MONTH(I24), 1) - WEEKDAY(DATE($D$1, MONTH(I24), 1), 2) + 1 + 5*7 + 0, "") | C32: =IFERROR(DATE($D$1, MONTH(I24), 1) - WEEKDAY(DATE($D$1, MONTH(I24), 1), 2) + 1 + 5*7 + 1, "") | D32: =IFERROR(DATE($D$1, MONTH(I24), 1) - WEEKDAY(DATE($D$1, MONTH(I24), 1), 2) + 1 + 5*7 + 2, "") | E32: =IFERROR(DATE($D$1, MONTH(I24), 1) - WEEKDAY(DATE($D$1, MONTH(I24), 1), 2) + 1 + 5*7 + 3, "") | F32: =IFERROR(DATE($D$1, MONTH(I24), 1) - WEEKDAY(DATE($D$1, MONTH(I24), 1), 2) + 1 + 5*7 + 4, "") | G32: =IFERROR(DATE($D$1, MONTH(I24), 1) - WEEKDAY(DATE($D$1, MONTH(I24), 1), 2) + 1 + 5*7 + 5, "") | H32: =IFERROR(DATE($D$1, MONTH(I24), 1) - WEEKDAY(DATE($D$1, MONTH(I24), 1), 2) + 1 + 5*7 + 6, "") | AO32: =SUM(J32:AN32) | AT32: =IF(AS32>0, AO32/AS32, "")
AO33: =SUM(J33:AN33) | AT33: =IF(AS33>0, AO33/AS33, "")
AO34: =SUM(J34:AN34) | AT34: =IF(AS34>0, AO34/AS34, "")
AO35: =SUM(J35:AN35) | AT35: =IF(AS35>0, AO35/AS35, "")
AO36: =SUM(J36:AN36) | AT36: =IF(AS36>0, AO36/AS36, "")
AO37: =SUM(J37:AN37) | AT37: =IF(AS37>0, AO37/AS37, "")
AO38: =SUM(J38:AN38) | AT38: =IF(AS38>0, AO38/AS38, "")
AO39: =SUM(J39:AN39) | AT39: =IF(AS39>0, AO39/AS39, "")
AO40: =SUM(J40:AN40) | AT40: =IF(AS40>0, AO40/AS40, "")
AO41: =SUM(J41:AN41) | AT41: =IF(AS41>0, AO41/AS41, "")
AO42: =SUM(J42:AN42) | AT42: =IF(AS42>0, AO42/AS42, "")
AO43: =SUM(J43:AN43) | AT43: =IF(AS43>0, AO43/AS43, "")
AO44: =SUM(J44:AN44) | AT44: =IF(AS44>0, AO44/AS44, "")
AO45: =SUM(J45:AN45) | AT45: =IF(AS45>0, AO45/AS45, "")
A47: 🦆 | B47: MARCH | I47: =DATE($D$1,3,1) | J47: =I47 | K47: =J47+1 | L47: =K47+1 | M47: =L47+1 | N47: =M47+1 | O47: =N47+1 | P47: =O47+1 | Q47: =P47+1 | R47: =Q47+1 | ... AN47: =AM47+1 | AO47: TOTAL | AQ47: current streak 🔥 | AR47: longest streak😼 | AS47: Goal🔢 | AT47: Progress 📈
J48: =J47 | K48: =K47 | L48: =L47 | M48: =M47 | N48: =N47 | O48: =O47 | P48: =P47 | Q48: =Q47 | ... AN48: =AN47
B49: Пн | C49: Вт | D49: Ср | E49: Чт | F49: Пт | G49: Сб | H49: Вс | I49: =ARRAYFORMULA(Setup!B3:B22) | AO49: =SUM(J49:AN49) | AT49: =IF(AS49>0, AO49/AS49, "")
A50: =WEEKNUM(B50,2) | B50: =IFERROR(DATE($D$1, MONTH(I47), 1) - WEEKDAY(DATE($D$1, MONTH(I47), 1), 2) + 1 + 0*7 + 0, "") | C50: =IFERROR(DATE($D$1, MONTH(I47), 1) - WEEKDAY(DATE($D$1, MONTH(I47), 1), 2) + 1 + 0*7 + 1, "") | D50: =IFERROR(DATE($D$1, MONTH(I47), 1) - WEEKDAY(DATE($D$1, MONTH(I47), 1), 2) + 1 + 0*7 + 2, "") | E50: =IFERROR(DATE($D$1, MONTH(I47), 1) - WEEKDAY(DATE($D$1, MONTH(I47), 1), 2) + 1 + 0*7 + 3, "") | F50: =IFERROR(DATE($D$1, MONTH(I47), 1) - WEEKDAY(DATE($D$1, MONTH(I47), 1), 2) + 1 + 0*7 + 4, "") | G50: =IFERROR(DATE($D$1, MONTH(I47), 1) - WEEKDAY(DATE($D$1, MONTH(I47), 1), 2) + 1 + 0*7 + 5, "") | H50: =IFERROR(DATE($D$1, MONTH(I47), 1) - WEEKDAY(DATE($D$1, MONTH(I47), 1), 2) + 1 + 0*7 + 6, "") | AO50: =SUM(J50:AN50) | AT50: =IF(AS50>0, AO50/AS50, "")
A51: =WEEKNUM(B51,2) | B51: =IFERROR(DATE($D$1, MONTH(I47), 1) - WEEKDAY(DATE($D$1, MONTH(I47), 1), 2) + 1 + 1*7 + 0, "") | C51: =IFERROR(DATE($D$1, MONTH(I47), 1) - WEEKDAY(DATE($D$1, MONTH(I47), 1), 2) + 1 + 1*7 + 1, "") | D51: =IFERROR(DATE($D$1, MONTH(I47), 1) - WEEKDAY(DATE($D$1, MONTH(I47), 1), 2) + 1 + 1*7 + 2, "") | E51: =IFERROR(DATE($D$1, MONTH(I47), 1) - WEEKDAY(DATE($D$1, MONTH(I47), 1), 2) + 1 + 1*7 + 3, "") | F51: =IFERROR(DATE($D$1, MONTH(I47), 1) - WEEKDAY(DATE($D$1, MONTH(I47), 1), 2) + 1 + 1*7 + 4, "") | G51: =IFERROR(DATE($D$1, MONTH(I47), 1) - WEEKDAY(DATE($D$1, MONTH(I47), 1), 2) + 1 + 1*7 + 5, "") | H51: =IFERROR(DATE($D$1, MONTH(I47), 1) - WEEKDAY(DATE($D$1, MONTH(I47), 1), 2) + 1 + 1*7 + 6, "") | AO51: =SUM(J51:AN51) | AT51: =IF(AS51>0, AO51/AS51, "")
A52: =WEEKNUM(B52,2) | B52: =IFERROR(DATE($D$1, MONTH(I47), 1) - WEEKDAY(DATE($D$1, MONTH(I47), 1), 2) + 1 + 2*7 + 0, "") | C52: =IFERROR(DATE($D$1, MONTH(I47), 1) - WEEKDAY(DATE($D$1, MONTH(I47), 1), 2) + 1 + 2*7 + 1, "") | D52: =IFERROR(DATE($D$1, MONTH(I47), 1) - WEEKDAY(DATE($D$1, MONTH(I47), 1), 2) + 1 + 2*7 + 2, "") | E52: =IFERROR(DATE($D$1, MONTH(I47), 1) - WEEKDAY(DATE($D$1, MONTH(I47), 1), 2) + 1 + 2*7 + 3, "") | F52: =IFERROR(DATE($D$1, MONTH(I47), 1) - WEEKDAY(DATE($D$1, MONTH(I47), 1), 2) + 1 + 2*7 + 4, "") | G52: =IFERROR(DATE($D$1, MONTH(I47), 1) - WEEKDAY(DATE($D$1, MONTH(I47), 1), 2) + 1 + 2*7 + 5, "") | H52: =IFERROR(DATE($D$1, MONTH(I47), 1) - WEEKDAY(DATE($D$1, MONTH(I47), 1), 2) + 1 + 2*7 + 6, "") | AO52: =SUM(J52:AN52) | AT52: =IF(AS52>0, AO52/AS52, "")
A53: =WEEKNUM(B53,2) | B53: =IFERROR(DATE($D$1, MONTH(I47), 1) - WEEKDAY(DATE($D$1, MONTH(I47), 1), 2) + 1 + 3*7 + 0, "") | C53: =IFERROR(DATE($D$1, MONTH(I47), 1) - WEEKDAY(DATE($D$1, MONTH(I47), 1), 2) + 1 + 3*7 + 1, "") | D53: =IFERROR(DATE($D$1, MONTH(I47), 1) - WEEKDAY(DATE($D$1, MONTH(I47), 1), 2) + 1 + 3*7 + 2, "") | E53: =IFERROR(DATE($D$1, MONTH(I47), 1) - WEEKDAY(DATE($D$1, MONTH(I47), 1), 2) + 1 + 3*7 + 3, "") | F53: =IFERROR(DATE($D$1, MONTH(I47), 1) - WEEKDAY(DATE($D$1, MONTH(I47), 1), 2) + 1 + 3*7 + 4, "") | G53: =IFERROR(DATE($D$1, MONTH(I47), 1) - WEEKDAY(DATE($D$1, MONTH(I47), 1), 2) + 1 + 3*7 + 5, "") | H53: =IFERROR(DATE($D$1, MONTH(I47), 1) - WEEKDAY(DATE($D$1, MONTH(I47), 1), 2) + 1 + 3*7 + 6, "") | AO53: =SUM(J53:AN53) | AT53: =IF(AS53>0, AO53/AS53, "")
A54: =WEEKNUM(B54,2) | B54: =IFERROR(DATE($D$1, MONTH(I47), 1) - WEEKDAY(DATE($D$1, MONTH(I47), 1), 2) + 1 + 4*7 + 0, "") | C54: =IFERROR(DATE($D$1, MONTH(I47), 1) - WEEKDAY(DATE($D$1, MONTH(I47), 1), 2) + 1 + 4*7 + 1, "") | D54: =IFERROR(DATE($D$1, MONTH(I47), 1) - WEEKDAY(DATE($D$1, MONTH(I47), 1), 2) + 1 + 4*7 + 2, "") | E54: =IFERROR(DATE($D$1, MONTH(I47), 1) - WEEKDAY(DATE($D$1, MONTH(I47), 1), 2) + 1 + 4*7 + 3, "") | F54: =IFERROR(DATE($D$1, MONTH(I47), 1) - WEEKDAY(DATE($D$1, MONTH(I47), 1), 2) + 1 + 4*7 + 4, "") | G54: =IFERROR(DATE($D$1, MONTH(I47), 1) - WEEKDAY(DATE($D$1, MONTH(I47), 1), 2) + 1 + 4*7 + 5, "") | H54: =IFERROR(DATE($D$1, MONTH(I47), 1) - WEEKDAY(DATE($D$1, MONTH(I47), 1), 2) + 1 + 4*7 + 6, "") | AO54: =SUM(J54:AN54) | AT54: =IF(AS54>0, AO54/AS54, "")
A55: =WEEKNUM(B55,2) | B55: =IFERROR(DATE($D$1, MONTH(I47), 1) - WEEKDAY(DATE($D$1, MONTH(I47), 1), 2) + 1 + 5*7 + 0, "") | C55: =IFERROR(DATE($D$1, MONTH(I47), 1) - WEEKDAY(DATE($D$1, MONTH(I47), 1), 2) + 1 + 5*7 + 1, "") | D55: =IFERROR(DATE($D$1, MONTH(I47), 1) - WEEKDAY(DATE($D$1, MONTH(I47), 1), 2) + 1 + 5*7 + 2, "") | E55: =IFERROR(DATE($D$1, MONTH(I47), 1) - WEEKDAY(DATE($D$1, MONTH(I47), 1), 2) + 1 + 5*7 + 3, "") | F55: =IFERROR(DATE($D$1, MONTH(I47), 1) - WEEKDAY(DATE($D$1, MONTH(I47), 1), 2) + 1 + 5*7 + 4, "") | G55: =IFERROR(DATE($D$1, MONTH(I47), 1) - WEEKDAY(DATE($D$1, MONTH(I47), 1), 2) + 1 + 5*7 + 5, "") | H55: =IFERROR(DATE($D$1, MONTH(I47), 1) - WEEKDAY(DATE($D$1, MONTH(I47), 1), 2) + 1 + 5*7 + 6, "") | AO55: =SUM(J55:AN55) | AT55: =IF(AS55>0, AO55/AS55, "")
AO56: =SUM(J56:AN56) | AT56: =IF(AS56>0, AO56/AS56, "")
AO57: =SUM(J57:AN57) | AT57: =IF(AS57>0, AO57/AS57, "")
AO58: =SUM(J58:AN58) | AT58: =IF(AS58>0, AO58/AS58, "")
AO59: =SUM(J59:AN59) | AT59: =IF(AS59>0, AO59/AS59, "")
AO60: =SUM(J60:AN60) | AT60: =IF(AS60>0, AO60/AS60, "")
AO61: =SUM(J61:AN61) | AT61: =IF(AS61>0, AO61/AS61, "")
AO62: =SUM(J62:AN62) | AT62: =IF(AS62>0, AO62/AS62, "")
AO63: =SUM(J63:AN63) | AT63: =IF(AS63>0, AO63/AS63, "")
AO64: =SUM(J64:AN64) | AT64: =IF(AS64>0, AO64/AS64, "")
AO65: =SUM(J65:AN65) | AT65: =IF(AS65>0, AO65/AS65, "")
AO66: =SUM(J66:AN66) | AT66: =IF(AS66>0, AO66/AS66, "")
AO67: =SUM(J67:AN67) | AT67: =IF(AS67>0, AO67/AS67, "")
AO68: =SUM(J68:AN68) | AT68: =IF(AS68>0, AO68/AS68, "")
A70: 🐇 | B70: APRIL | I70: =DATE($D$1,4,1) | J70: =I70 | K70: =J70+1 | L70: =K70+1 | M70: =L70+1 | N70: =M70+1 | O70: =N70+1 | P70: =O70+1 | Q70: =P70+1 | R70: =Q70+1 | ... AM70: =AL70+1 | AO70: TOTAL | AQ70: current streak 🔥 | AR70: longest streak😼 | AS70: Goal🔢 | AT70: Progress 📈
J71: =J70 | K71: =K70 | L71: =L70 | M71: =M70 | N71: =N70 | O71: =O70 | P71: =P70 | Q71: =Q70 | ... AN71: =AN70
B72: Пн | C72: Вт | D72: Ср | E72: Чт | F72: Пт | G72: Сб | H72: Вс | I72: =ARRAYFORMULA(Setup!B3:B22) | AO72: =SUM(J72:AN72) | AT72: =IF(AS72>0, AO72/AS72, "")
A73: =WEEKNUM(B73,2) | B73: =IFERROR(DATE($D$1, MONTH(I70), 1) - WEEKDAY(DATE($D$1, MONTH(I70), 1), 2) + 1 + 0*7 + 0, "") | C73: =IFERROR(DATE($D$1, MONTH(I70), 1) - WEEKDAY(DATE($D$1, MONTH(I70), 1), 2) + 1 + 0*7 + 1, "") | D73: =IFERROR(DATE($D$1, MONTH(I70), 1) - WEEKDAY(DATE($D$1, MONTH(I70), 1), 2) + 1 + 0*7 + 2, "") | E73: =IFERROR(DATE($D$1, MONTH(I70), 1) - WEEKDAY(DATE($D$1, MONTH(I70), 1), 2) + 1 + 0*7 + 3, "") | F73: =IFERROR(DATE($D$1, MONTH(I70), 1) - WEEKDAY(DATE($D$1, MONTH(I70), 1), 2) + 1 + 0*7 + 4, "") | G73: =IFERROR(DATE($D$1, MONTH(I70), 1) - WEEKDAY(DATE($D$1, MONTH(I70), 1), 2) + 1 + 0*7 + 5, "") | H73: =IFERROR(DATE($D$1, MONTH(I70), 1) - WEEKDAY(DATE($D$1, MONTH(I70), 1), 2) + 1 + 0*7 + 6, "") | AO73: =SUM(J73:AN73) | AT73: =IF(AS73>0, AO73/AS73, "")
A74: =WEEKNUM(B74,2) | B74: =IFERROR(DATE($D$1, MONTH(I70), 1) - WEEKDAY(DATE($D$1, MONTH(I70), 1), 2) + 1 + 1*7 + 0, "") | C74: =IFERROR(DATE($D$1, MONTH(I70), 1) - WEEKDAY(DATE($D$1, MONTH(I70), 1), 2) + 1 + 1*7 + 1, "") | D74: =IFERROR(DATE($D$1, MONTH(I70), 1) - WEEKDAY(DATE($D$1, MONTH(I70), 1), 2) + 1 + 1*7 + 2, "") | E74: =IFERROR(DATE($D$1, MONTH(I70), 1) - WEEKDAY(DATE($D$1, MONTH(I70), 1), 2) + 1 + 1*7 + 3, "") | F74: =IFERROR(DATE($D$1, MONTH(I70), 1) - WEEKDAY(DATE($D$1, MONTH(I70), 1), 2) + 1 + 1*7 + 4, "") | G74: =IFERROR(DATE($D$1, MONTH(I70), 1) - WEEKDAY(DATE($D$1, MONTH(I70), 1), 2) + 1 + 1*7 + 5, "") | H74: =IFERROR(DATE($D$1, MONTH(I70), 1) - WEEKDAY(DATE($D$1, MONTH(I70), 1), 2) + 1 + 1*7 + 6, "") | AO74: =SUM(J74:AN74) | AT74: =IF(AS74>0, AO74/AS74, "")
A75: =WEEKNUM(B75,2) | B75: =IFERROR(DATE($D$1, MONTH(I70), 1) - WEEKDAY(DATE($D$1, MONTH(I70), 1), 2) + 1 + 2*7 + 0, "") | C75: =IFERROR(DATE($D$1, MONTH(I70), 1) - WEEKDAY(DATE($D$1, MONTH(I70), 1), 2) + 1 + 2*7 + 1, "") | D75: =IFERROR(DATE($D$1, MONTH(I70), 1) - WEEKDAY(DATE($D$1, MONTH(I70), 1), 2) + 1 + 2*7 + 2, "") | E75: =IFERROR(DATE($D$1, MONTH(I70), 1) - WEEKDAY(DATE($D$1, MONTH(I70), 1), 2) + 1 + 2*7 + 3, "") | F75: =IFERROR(DATE($D$1, MONTH(I70), 1) - WEEKDAY(DATE($D$1, MONTH(I70), 1), 2) + 1 + 2*7 + 4, "") | G75: =IFERROR(DATE($D$1, MONTH(I70), 1) - WEEKDAY(DATE($D$1, MONTH(I70), 1), 2) + 1 + 2*7 + 5, "") | H75: =IFERROR(DATE($D$1, MONTH(I70), 1) - WEEKDAY(DATE($D$1, MONTH(I70), 1), 2) + 1 + 2*7 + 6, "") | AO75: =SUM(J75:AN75) | AT75: =IF(AS75>0, AO75/AS75, "")
A76: =WEEKNUM(B76,2) | B76: =IFERROR(DATE($D$1, MONTH(I70), 1) - WEEKDAY(DATE($D$1, MONTH(I70), 1), 2) + 1 + 3*7 + 0, "") | C76: =IFERROR(DATE($D$1, MONTH(I70), 1) - WEEKDAY(DATE($D$1, MONTH(I70), 1), 2) + 1 + 3*7 + 1, "") | D76: =IFERROR(DATE($D$1, MONTH(I70), 1) - WEEKDAY(DATE($D$1, MONTH(I70), 1), 2) + 1 + 3*7 + 2, "") | E76: =IFERROR(DATE($D$1, MONTH(I70), 1) - WEEKDAY(DATE($D$1, MONTH(I70), 1), 2) + 1 + 3*7 + 3, "") | F76: =IFERROR(DATE($D$1, MONTH(I70), 1) - WEEKDAY(DATE($D$1, MONTH(I70), 1), 2) + 1 + 3*7 + 4, "") | G76: =IFERROR(DATE($D$1, MONTH(I70), 1) - WEEKDAY(DATE($D$1, MONTH(I70), 1), 2) + 1 + 3*7 + 5, "") | H76: =IFERROR(DATE($D$1, MONTH(I70), 1) - WEEKDAY(DATE($D$1, MONTH(I70), 1), 2) + 1 + 3*7 + 6, "") | AO76: =SUM(J76:AN76) | AT76: =IF(AS76>0, AO76/AS76, "")
A77: =WEEKNUM(B77,2) | B77: =IFERROR(DATE($D$1, MONTH(I70), 1) - WEEKDAY(DATE($D$1, MONTH(I70), 1), 2) + 1 + 4*7 + 0, "") | C77: =IFERROR(DATE($D$1, MONTH(I70), 1) - WEEKDAY(DATE($D$1, MONTH(I70), 1), 2) + 1 + 4*7 + 1, "") | D77: =IFERROR(DATE($D$1, MONTH(I70), 1) - WEEKDAY(DATE($D$1, MONTH(I70), 1), 2) + 1 + 4*7 + 2, "") | E77: =IFERROR(DATE($D$1, MONTH(I70), 1) - WEEKDAY(DATE($D$1, MONTH(I70), 1), 2) + 1 + 4*7 + 3, "") | F77: =IFERROR(DATE($D$1, MONTH(I70), 1) - WEEKDAY(DATE($D$1, MONTH(I70), 1), 2) + 1 + 4*7 + 4, "") | G77: =IFERROR(DATE($D$1, MONTH(I70), 1) - WEEKDAY(DATE($D$1, MONTH(I70), 1), 2) + 1 + 4*7 + 5, "") | H77: =IFERROR(DATE($D$1, MONTH(I70), 1) - WEEKDAY(DATE($D$1, MONTH(I70), 1), 2) + 1 + 4*7 + 6, "") | AO77: =SUM(J77:AN77) | AT77: =IF(AS77>0, AO77/AS77, "")
A78: =WEEKNUM(B78,2) | B78: =IFERROR(DATE($D$1, MONTH(I70), 1) - WEEKDAY(DATE($D$1, MONTH(I70), 1), 2) + 1 + 5*7 + 0, "") | C78: =IFERROR(DATE($D$1, MONTH(I70), 1) - WEEKDAY(DATE($D$1, MONTH(I70), 1), 2) + 1 + 5*7 + 1, "") | D78: =IFERROR(DATE($D$1, MONTH(I70), 1) - WEEKDAY(DATE($D$1, MONTH(I70), 1), 2) + 1 + 5*7 + 2, "") | E78: =IFERROR(DATE($D$1, MONTH(I70), 1) - WEEKDAY(DATE($D$1, MONTH(I70), 1), 2) + 1 + 5*7 + 3, "") | F78: =IFERROR(DATE($D$1, MONTH(I70), 1) - WEEKDAY(DATE($D$1, MONTH(I70), 1), 2) + 1 + 5*7 + 4, "") | G78: =IFERROR(DATE($D$1, MONTH(I70), 1) - WEEKDAY(DATE($D$1, MONTH(I70), 1), 2) + 1 + 5*7 + 5, "") | H78: =IFERROR(DATE($D$1, MONTH(I70), 1) - WEEKDAY(DATE($D$1, MONTH(I70), 1), 2) + 1 + 5*7 + 6, "") | AO78: =SUM(J78:AN78) | AT78: =IF(AS78>0, AO78/AS78, "")
AO79: =SUM(J79:AN79) | AT79: =IF(AS79>0, AO79/AS79, "")
AO80: =SUM(J80:AN80) | AT80: =IF(AS80>0, AO80/AS80, "")
AO81: =SUM(J81:AN81) | AT81: =IF(AS81>0, AO81/AS81, "")
AO82: =SUM(J82:AN82) | AT82: =IF(AS82>0, AO82/AS82, "")
AO83: =SUM(J83:AN83) | AT83: =IF(AS83>0, AO83/AS83, "")
AO84: =SUM(J84:AN84) | AT84: =IF(AS84>0, AO84/AS84, "")
AO85: =SUM(J85:AN85) | AT85: =IF(AS85>0, AO85/AS85, "")
AO86: =SUM(J86:AN86) | AT86: =IF(AS86>0, AO86/AS86, "")
AO87: =SUM(J87:AN87) | AT87: =IF(AS87>0, AO87/AS87, "")
AO88: =SUM(J88:AN88) | AT88: =IF(AS88>0, AO88/AS88, "")
AO89: =SUM(J89:AN89) | AT89: =IF(AS89>0, AO89/AS89, "")
AO90: =SUM(J90:AN90) | AT90: =IF(AS90>0, AO90/AS90, "")
AO91: =SUM(J91:AN91) | AT91: =IF(AS91>0, AO91/AS91, "")
A93: 🥾 | B93: MAY | I93: =DATE($D$1,5,1) | J93: =I93 | K93: =J93+1 | L93: =K93+1 | M93: =L93+1 | N93: =M93+1 | O93: =N93+1 | P93: =O93+1 | Q93: =P93+1 | R93: =Q93+1 | ... AN93: =AM93+1 | AO93: TOTAL | AQ93: current streak 🔥 | AR93: longest streak😼 | AS93: Goal🔢 | AT93: Progress 📈
J94: =J93 | K94: =K93 | L94: =L93 | M94: =M93 | N94: =N93 | O94: =O93 | P94: =P93 | Q94: =Q93 | ... AN94: =AN93
B95: Пн | C95: Вт | D95: Ср | E95: Чт | F95: Пт | G95: Сб | H95: Вс | I95: =ARRAYFORMULA(Setup!B3:B22) | AO95: =SUM(J95:AN95) | AT95: =IF(AS95>0, AO95/AS95, "")
A96: =WEEKNUM(B96,2) | B96: =IFERROR(DATE($D$1, MONTH(I93), 1) - WEEKDAY(DATE($D$1, MONTH(I93), 1), 2) + 1 + 0*7 + 0, "") | C96: =IFERROR(DATE($D$1, MONTH(I93), 1) - WEEKDAY(DATE($D$1, MONTH(I93), 1), 2) + 1 + 0*7 + 1, "") | D96: =IFERROR(DATE($D$1, MONTH(I93), 1) - WEEKDAY(DATE($D$1, MONTH(I93), 1), 2) + 1 + 0*7 + 2, "") | E96: =IFERROR(DATE($D$1, MONTH(I93), 1) - WEEKDAY(DATE($D$1, MONTH(I93), 1), 2) + 1 + 0*7 + 3, "") | F96: =IFERROR(DATE($D$1, MONTH(I93), 1) - WEEKDAY(DATE($D$1, MONTH(I93), 1), 2) + 1 + 0*7 + 4, "") | G96: =IFERROR(DATE($D$1, MONTH(I93), 1) - WEEKDAY(DATE($D$1, MONTH(I93), 1), 2) + 1 + 0*7 + 5, "") | H96: =IFERROR(DATE($D$1, MONTH(I93), 1) - WEEKDAY(DATE($D$1, MONTH(I93), 1), 2) + 1 + 0*7 + 6, "") | AO96: =SUM(J96:AN96) | AT96: =IF(AS96>0, AO96/AS96, "")
A97: =WEEKNUM(B97,2) | B97: =IFERROR(DATE($D$1, MONTH(I93), 1) - WEEKDAY(DATE($D$1, MONTH(I93), 1), 2) + 1 + 1*7 + 0, "") | C97: =IFERROR(DATE($D$1, MONTH(I93), 1) - WEEKDAY(DATE($D$1, MONTH(I93), 1), 2) + 1 + 1*7 + 1, "") | D97: =IFERROR(DATE($D$1, MONTH(I93), 1) - WEEKDAY(DATE($D$1, MONTH(I93), 1), 2) + 1 + 1*7 + 2, "") | E97: =IFERROR(DATE($D$1, MONTH(I93), 1) - WEEKDAY(DATE($D$1, MONTH(I93), 1), 2) + 1 + 1*7 + 3, "") | F97: =IFERROR(DATE($D$1, MONTH(I93), 1) - WEEKDAY(DATE($D$1, MONTH(I93), 1), 2) + 1 + 1*7 + 4, "") | G97: =IFERROR(DATE($D$1, MONTH(I93), 1) - WEEKDAY(DATE($D$1, MONTH(I93), 1), 2) + 1 + 1*7 + 5, "") | H97: =IFERROR(DATE($D$1, MONTH(I93), 1) - WEEKDAY(DATE($D$1, MONTH(I93), 1), 2) + 1 + 1*7 + 6, "") | AO97: =SUM(J97:AN97) | AT97: =IF(AS97>0, AO97/AS97, "")
A98: =WEEKNUM(B98,2) | B98: =IFERROR(DATE($D$1, MONTH(I93), 1) - WEEKDAY(DATE($D$1, MONTH(I93), 1), 2) + 1 + 2*7 + 0, "") | C98: =IFERROR(DATE($D$1, MONTH(I93), 1) - WEEKDAY(DATE($D$1, MONTH(I93), 1), 2) + 1 + 2*7 + 1, "") | D98: =IFERROR(DATE($D$1, MONTH(I93), 1) - WEEKDAY(DATE($D$1, MONTH(I93), 1), 2) + 1 + 2*7 + 2, "") | E98: =IFERROR(DATE($D$1, MONTH(I93), 1) - WEEKDAY(DATE($D$1, MONTH(I93), 1), 2) + 1 + 2*7 + 3, "") | F98: =IFERROR(DATE($D$1, MONTH(I93), 1) - WEEKDAY(DATE($D$1, MONTH(I93), 1), 2) + 1 + 2*7 + 4, "") | G98: =IFERROR(DATE($D$1, MONTH(I93), 1) - WEEKDAY(DATE($D$1, MONTH(I93), 1), 2) + 1 + 2*7 + 5, "") | H98: =IFERROR(DATE($D$1, MONTH(I93), 1) - WEEKDAY(DATE($D$1, MONTH(I93), 1), 2) + 1 + 2*7 + 6, "") | AO98: =SUM(J98:AN98) | AT98: =IF(AS98>0, AO98/AS98, "")
A99: =WEEKNUM(B99,2) | B99: =IFERROR(DATE($D$1, MONTH(I93), 1) - WEEKDAY(DATE($D$1, MONTH(I93), 1), 2) + 1 + 3*7 + 0, "") | C99: =IFERROR(DATE($D$1, MONTH(I93), 1) - WEEKDAY(DATE($D$1, MONTH(I93), 1), 2) + 1 + 3*7 + 1, "") | D99: =IFERROR(DATE($D$1, MONTH(I93), 1) - WEEKDAY(DATE($D$1, MONTH(I93), 1), 2) + 1 + 3*7 + 2, "") | E99: =IFERROR(DATE($D$1, MONTH(I93), 1) - WEEKDAY(DATE($D$1, MONTH(I93), 1), 2) + 1 + 3*7 + 3, "") | F99: =IFERROR(DATE($D$1, MONTH(I93), 1) - WEEKDAY(DATE($D$1, MONTH(I93), 1), 2) + 1 + 3*7 + 4, "") | G99: =IFERROR(DATE($D$1, MONTH(I93), 1) - WEEKDAY(DATE($D$1, MONTH(I93), 1), 2) + 1 + 3*7 + 5, "") | H99: =IFERROR(DATE($D$1, MONTH(I93), 1) - WEEKDAY(DATE($D$1, MONTH(I93), 1), 2) + 1 + 3*7 + 6, "") | AO99: =SUM(J99:AN99) | AT99: =IF(AS99>0, AO99/AS99, "")
A100: =WEEKNUM(B100,2) | B100: =IFERROR(DATE($D$1, MONTH(I93), 1) - WEEKDAY(DATE($D$1, MONTH(I93), 1), 2) + 1 + 4*7 + 0, "") | C100: =IFERROR(DATE($D$1, MONTH(I93), 1) - WEEKDAY(DATE($D$1, MONTH(I93), 1), 2) + 1 + 4*7 + 1, "") | D100: =IFERROR(DATE($D$1, MONTH(I93), 1) - WEEKDAY(DATE($D$1, MONTH(I93), 1), 2) + 1 + 4*7 + 2, "") | E100: =IFERROR(DATE($D$1, MONTH(I93), 1) - WEEKDAY(DATE($D$1, MONTH(I93), 1), 2) + 1 + 4*7 + 3, "") | F100: =IFERROR(DATE($D$1, MONTH(I93), 1) - WEEKDAY(DATE($D$1, MONTH(I93), 1), 2) + 1 + 4*7 + 4, "") | G100: =IFERROR(DATE($D$1, MONTH(I93), 1) - WEEKDAY(DATE($D$1, MONTH(I93), 1), 2) + 1 + 4*7 + 5, "") | H100: =IFERROR(DATE($D$1, MONTH(I93), 1) - WEEKDAY(DATE($D$1, MONTH(I93), 1), 2) + 1 + 4*7 + 6, "") | AO100: =SUM(J100:AN100) | AT100: =IF(AS100>0, AO100/AS100, "")
A101: =WEEKNUM(B101,2) | B101: =IFERROR(DATE($D$1, MONTH(I93), 1) - WEEKDAY(DATE($D$1, MONTH(I93), 1), 2) + 1 + 5*7 + 0, "") | C101: =IFERROR(DATE($D$1, MONTH(I93), 1) - WEEKDAY(DATE($D$1, MONTH(I93), 1), 2) + 1 + 5*7 + 1, "") | D101: =IFERROR(DATE($D$1, MONTH(I93), 1) - WEEKDAY(DATE($D$1, MONTH(I93), 1), 2) + 1 + 5*7 + 2, "") | E101: =IFERROR(DATE($D$1, MONTH(I93), 1) - WEEKDAY(DATE($D$1, MONTH(I93), 1), 2) + 1 + 5*7 + 3, "") | F101: =IFERROR(DATE($D$1, MONTH(I93), 1) - WEEKDAY(DATE($D$1, MONTH(I93), 1), 2) + 1 + 5*7 + 4, "") | G101: =IFERROR(DATE($D$1, MONTH(I93), 1) - WEEKDAY(DATE($D$1, MONTH(I93), 1), 2) + 1 + 5*7 + 5, "") | H101: =IFERROR(DATE($D$1, MONTH(I93), 1) - WEEKDAY(DATE($D$1, MONTH(I93), 1), 2) + 1 + 5*7 + 6, "") | AO101: =SUM(J101:AN101) | AT101: =IF(AS101>0, AO101/AS101, "")
AO102: =SUM(J102:AN102) | AT102: =IF(AS102>0, AO102/AS102, "")
AO103: =SUM(J103:AN103) | AT103: =IF(AS103>0, AO103/AS103, "")
AO104: =SUM(J104:AN104) | AT104: =IF(AS104>0, AO104/AS104, "")
...

Sheet _meta
A1: key | B1: value
A2: template_version | B2: 2
A3: last_sync_at
A4: notes | B4: Template with unified Habits Tracker view

Sheet raw_trackers
A1: tracker_id | B1: name | C1: type | D1: unit | E1: xp | F1: target_day | G1: active | H1: streak_mode | I1: streak_period | J1: streak_min_value | K1: streak_partial_ok | L1: created_at
A2: 1 | B2: Медитация | C2: binary | E2: 5 | G2: TRUE | H2: activity
A3: 2 | B3: Работа часы | C3: time | E3: 5 | G3: TRUE | H3: activity
A4: 3 | B4: минокс | C4: count | E4: 3 | G4: TRUE | H4: activity
A5: 4 | B5: Тренировки | C5: count | E5: 7 | G5: TRUE | H5: goal

Sheet raw_tracker_goals
A1: tracker_id | B1: period | C1: target
A2: 2 | B2: week | C2: 35
A3: 3 | B3: week | C3: 7
A4: 4 | B4: week | C4: 3

Sheet raw_tracker_logs
A1: log_id | B1: tracker_id | C1: date | D1: value | E1: partial | F1: created_at

Sheet raw_missions
A1: date | B1: text | C1: status | D1: done_def | E1: when_do

Sheet raw_journal
A1: date | B1: text

Sheet summary_daily
A1: date | B1: tracker_id | C1: sum_value | D1: avg_value | E1: tracker_name | F1: type | G1: total_value | H1: target_day | I1: unit | J1: goal_hit | K1: week_start | L1: month_start | M1: year_start
A2: =ARRAYFORMULA(QUERY(raw_tracker_logs!B:D,"select C,B,sum(D),avg(D) where C is not null group by C,B order by C",0)) | E2: =ARRAYFORMULA(IF(B2:B<>"",VLOOKUP(B2:B,raw_trackers!A:B,2,FALSE),"")) | F2: =ARRAYFORMULA(IF(B2:B<>"",VLOOKUP(B2:B,raw_trackers!A:C,3,FALSE),"")) | G2: =ARRAYFORMULA(IF(B2:B<>"",IF(F2:F="scale",D2:D,C2:C),"")) | H2: =ARRAYFORMULA(IF(B2:B<>"",VLOOKUP(B2:B,raw_trackers!A:F,6,FALSE),"")) | I2: =ARRAYFORMULA(IF(B2:B<>"",VLOOKUP(B2:B,raw_trackers!A:D,4,FALSE),"")) | J2: =ARRAYFORMULA(IF(H2:H<>"",IF(G2:G>=H2:H,1,0),"")) | K2: =ARRAYFORMULA(IF(A2:A<>"",A2:A-WEEKDAY(A2:A,2)+1,)) | L2: =ARRAYFORMULA(IF(A2:A<>"",DATE(YEAR(A2:A),MONTH(A2:A),1),)) | M2: =ARRAYFORMULA(IF(A2:A<>"",DATE(YEAR(A2:A),1,1),))

Sheet summary_weekly
A1: week_start | B1: tracker_id | C1: tracker_name | D1: total | E1: target_week | F1: goal_hit
A2: =ARRAYFORMULA(QUERY({summary_daily!K2:K,summary_daily!B2:B,summary_daily!E2:E,summary_daily!G2:G},"select Col1,Col2,Col3,sum(Col4) where Col1 is not null group by Col1,Col2,Col3 order by Col1",0)) | E2: =ARRAYFORMULA(IF(B2:B<>"",IFERROR(VLOOKUP(B2:B&"week",{raw_tracker_goals!A:A&raw_tracker_goals!B:B,raw_tracker_goals!C:C},2,FALSE),""),"")) | F2: =ARRAYFORMULA(IF(E2:E<>"",IF(D2:D>=E2:E,1,0),""))

Sheet summary_monthly
A1: month_start | B1: tracker_id | C1: tracker_name | D1: total | E1: target_month | F1: goal_hit
A2: =ARRAYFORMULA(QUERY({summary_daily!L2:L,summary_daily!B2:B,summary_daily!E2:E,summary_daily!G2:G},"select Col1,Col2,Col3,sum(Col4) where Col1 is not null group by Col1,Col2,Col3 order by Col1",0)) | E2: =ARRAYFORMULA(IF(B2:B<>"",IFERROR(VLOOKUP(B2:B&"month",{raw_tracker_goals!A:A&raw_tracker_goals!B:B,raw_tracker_goals!C:C},2,FALSE),""),"")) | F2: =ARRAYFORMULA(IF(E2:E<>"",IF(D2:D>=E2:E,1,0),""))

Sheet summary_yearly
A1: year_start | B1: tracker_id | C1: tracker_name | D1: total | E1: target_year | F1: goal_hit
A2: =ARRAYFORMULA(QUERY({summary_daily!M2:M,summary_daily!B2:B,summary_daily!E2:E,summary_daily!G2:G},"select Col1,Col2,Col3,sum(Col4) where Col1 is not null group by Col1,Col2,Col3 order by Col1",0)) | E2: =ARRAYFORMULA(IF(B2:B<>"",IFERROR(VLOOKUP(B2:B&"year",{raw_tracker_goals!A:A&raw_tracker_goals!B:B,raw_tracker_goals!C:C},2,FALSE),""),"")) | F2: =ARRAYFORMULA(IF(E2:E<>"",IF(D2:D>=E2:E,1,0),""))

Sheet dashboard
A1: tracker_name | B1: =IF(B2="","",VLOOKUP(B2,raw_trackers!A:B,2,FALSE))
A2: tracker_id
A3: period | B3: day
A5: daily_date | B5: daily_total | D5: week_start | E5: weekly_total | G5: month_start | H5: monthly_total | J5: year_start | K5: yearly_total
A6: =FILTER({summary_daily!A:A,summary_daily!G:G},summary_daily!B:B=$B$2) | D6: =FILTER({summary_weekly!A:A,summary_weekly!D:D},summary_weekly!B:B=$B$2) | G6: =FILTER({summary_monthly!A:A,summary_monthly!D:D},summary_monthly!B:B=$B$2) | J6: =FILTER({summary_yearly!A:A,summary_yearly!D:D},summary_yearly!B:B=$B$2)
