Workbook

Sheet Setup
B2: Write out your own habits here: | D2: Choose emojis | E2: ⤵️⤵️⤵️ | G2: Emoji keyboard shortcut:
B3: 🧘🏻‍♀️Yoga | D3: 0 habits done | G3: 🪟: Press Windows + ; (semi-colon) or Windows + . (period)
B4: 🌜Meditate | D4: 1 habit done | E4: 😶 | G4: 🍏: Control + Command + Spacebar
B5: 🥝Eat Fruit | D5: 2 habits done | E5: 🙂
B6: 🚶🏽‍♀️10k Steps | D6: 3 habits done | E6: 😊
B7: 💦2 L water | D7: 4 habits done | E7: 😍
B8: 🏋🏾‍♂️Gym | D8: 5 habits done | E8: 🚀
D9: 6 habits or more | E9: 🔥

Sheet Habits Tracker 2026
B1: Year: | D1: 2026 | I1: January | J1: {=DATE(D1, MATCH(I1, {"January","February","March","April","May","June","July","August","September","October","November","December"}, 0), 1)} -> 46023 | K1: =J1+1 -> 46024 | L1: =K1+1 -> 46025 | M1: =L1+1 -> 46026 | N1: =M1+1 -> 46027 | O1: =N1+1 -> 46028 | P1: =O1+1 -> 46029 | Q1: =P1+1 -> 46030 | R1: =Q1+1 -> 46031 | ... AN1: =AM1+1 -> 46053 | AO1: TOTAL | AQ1: current streak 🔥 | AR1: longest streak😼 | AS1: Goal🔢 | AT1: Progress 📈
B2: Week start: | E2: Monday | I2: =D1 -> 2026 | J2: =J1 -> 46023 | K2: =K1 -> 46024 | L2: =L1 -> 46025 | M2: =M1 -> 46026 | N2: =N1 -> 46027 | O2: =O1 -> 46028 | P2: =P1 -> 46029 | Q2: =Q1 -> 46030 | ... AN2: =AN1 -> 46053
B3: =IF($E$2="Monday", TEXT(TODAY()-WEEKDAY(TODAY(),2)+COLUMN(B3)-1,"ddd"), TEXT(TODAY()-WEEKDAY(TODAY(),1)+IF(COLUMN(B3)>1,COLUMN(B3)-1,7),"ddd")) -> Mon | C3: =IF($E$2="Monday", TEXT(TODAY()-WEEKDAY(TODAY(),2)+COLUMN(C3)-1,"ddd"), TEXT(TODAY()-WEEKDAY(TODAY(),1)+IF(COLUMN(C3)>1,COLUMN(C3)-1,7),"ddd")) -> Tue | D3: =IF($E$2="Monday", TEXT(TODAY()-WEEKDAY(TODAY(),2)+COLUMN(D3)-1,"ddd"), TEXT(TODAY()-WEEKDAY(TODAY(),1)+IF(COLUMN(D3)>1,COLUMN(D3)-1,7),"ddd")) -> Wed | E3: =IF($E$2="Monday", TEXT(TODAY()-WEEKDAY(TODAY(),2)+COLUMN(E3)-1,"ddd"), TEXT(TODAY()-WEEKDAY(TODAY(),1)+IF(COLUMN(E3)>1,COLUMN(E3)-1,7),"ddd")) -> Thu | F3: =IF($E$2="Monday", TEXT(TODAY()-WEEKDAY(TODAY(),2)+COLUMN(F3)-1,"ddd"), TEXT(TODAY()-WEEKDAY(TODAY(),1)+IF(COLUMN(F3)>1,COLUMN(F3)-1,7),"ddd")) -> Fri | G3: =IF($E$2="Monday", TEXT(TODAY()-WEEKDAY(TODAY(),2)+COLUMN(G3)-1,"ddd"), TEXT(TODAY()-WEEKDAY(TODAY(),1)+IF(COLUMN(G3)>1,COLUMN(G3)-1,7),"ddd")) -> Sat | H3: =IF($E$2="Monday", TEXT(TODAY()-WEEKDAY(TODAY(),2)+COLUMN(H3)-1,"ddd"), TEXT(TODAY()-WEEKDAY(TODAY(),1)+IF(COLUMN(H3)>1,COLUMN(H3)-1,7),"ddd")) -> Sun | I3: {=Setup!$B$3:$B$22} -> 🧘🏻‍♀️Yoga | J3: FALSE | K3: FALSE | L3: FALSE | M3: FALSE | N3: FALSE | O3: FALSE | P3: FALSE | Q3: FALSE | R3: FALSE | S3: FALSE | T3: FALSE | U3: FALSE | V3: FALSE | W3: FALSE | X3: FALSE | Y3: FALSE | Z3: FALSE | AA3: FALSE | AB3: FALSE | AC3: FALSE | AD3: FALSE | AE3: FALSE | AF3: FALSE | AG3: FALSE | AH3: FALSE | AI3: FALSE | AJ3: FALSE | AK3: FALSE | AL3: FALSE | AM3: FALSE | AN3: FALSE | AO3: =COUNTIF(J3:AN3, "TRUE") -> 0 | AQ3: =IFERROR(__xludf.DUMMYFUNCTION("if(iserror(match(true,J3:AN3,0)),0,len(index(split(substitute(substitute(join("","",J3:AN3)&"","",""TRUE,"",""x""),""FALSE,"","",""),"",""),,counta(split(substitute(substitute(join("","",J3:AN3)&"","",""TRUE,"",""x""),""FALSE,"","",""),"","")))))"),0.0) -> 0 | AR3: =IFERROR(__xludf.DUMMYFUNCTION("arrayformula( if( sum(J3:AN3 + 0), max( len( split( concatenate( left(J3:AN3) ), ""F"" ) ) ), ""0"" ) )"),"0") -> 0 | AS3: 8 | AT3: =AO3/AS3 -> 0
A4: =WEEKNUM(DATE(D1, MONTH(I1 & 1), 1), 2) -> 1 | B4: {=IFERROR(DATE($D$1, 1, (A4-1)*7 + 2 - WEEKDAY(DATE($D$1, 1, 1) - MATCH(B3, {"Mon","Tue","Wed","Thu","Fri","Sat","Sun"}, 0))), "")} -> 46020 | C4: =B4+1 -> 46021 | D4: =C4+1 -> 46022 | E4: =D4+1 -> 46023 | F4: =E4+1 -> 46024 | G4: =F4+1 -> 46025 | H4: =G4+1 -> 46026 | I4: 🌜Meditate | J4: FALSE | K4: FALSE | L4: FALSE | M4: FALSE | N4: FALSE | O4: FALSE | P4: FALSE | Q4: FALSE | R4: FALSE | S4: FALSE | T4: FALSE | U4: FALSE | V4: FALSE | W4: FALSE | X4: FALSE | Y4: FALSE | Z4: FALSE | AA4: FALSE | AB4: FALSE | AC4: FALSE | AD4: FALSE | AE4: FALSE | AF4: FALSE | AG4: FALSE | AH4: FALSE | AI4: FALSE | AJ4: FALSE | AK4: FALSE | AL4: FALSE | AM4: FALSE | AN4: FALSE | AO4: =COUNTIF(J4:AN4, "TRUE") -> 0 | AQ4: =IFERROR(__xludf.DUMMYFUNCTION("if(iserror(match(true,J4:AN4,0)),0,len(index(split(substitute(substitute(join("","",J4:AN4)&"","",""TRUE,"",""x""),""FALSE,"","",""),"",""),,counta(split(substitute(substitute(join("","",J4:AN4)&"","",""TRUE,"",""x""),""FALSE,"","",""),"","")))))"),0.0) -> 0 | AR4: =IFERROR(__xludf.DUMMYFUNCTION("arrayformula( if( sum(J4:AN4 + 0), max( len( split( concatenate( left(J4:AN4) ), ""F"" ) ) ), ""0"" ) )"),"0") -> 0 | AS4: 9 | AT4: =AO4/AS4 -> 0
A5: =A4+1 -> 2 | B5: =H4+1 -> 46027 | C5: =B5+1 -> 46028 | D5: =C5+1 -> 46029 | E5: =D5+1 -> 46030 | F5: =E5+1 -> 46031 | G5: =F5+1 -> 46032 | H5: =G5+1 -> 46033 | I5: 🥝Eat Fruit | J5: FALSE | K5: FALSE | L5: FALSE | M5: FALSE | N5: FALSE | O5: FALSE | P5: FALSE | Q5: FALSE | R5: FALSE | S5: FALSE | T5: FALSE | U5: FALSE | V5: FALSE | W5: FALSE | X5: FALSE | Y5: FALSE | Z5: FALSE | AA5: FALSE | AB5: FALSE | AC5: FALSE | AD5: FALSE | AE5: FALSE | AF5: FALSE | AG5: FALSE | AH5: FALSE | AI5: FALSE | AJ5: FALSE | AK5: FALSE | AL5: FALSE | AM5: FALSE | AN5: FALSE | AO5: =COUNTIF(J5:AN5, "TRUE") -> 0 | AQ5: =IFERROR(__xludf.DUMMYFUNCTION("if(iserror(match(true,J5:AN5,0)),0,len(index(split(substitute(substitute(join("","",J5:AN5)&"","",""TRUE,"",""x""),""FALSE,"","",""),"",""),,counta(split(substitute(substitute(join("","",J5:AN5)&"","",""TRUE,"",""x""),""FALSE,"","",""),"","")))))"),0.0) -> 0 | AR5: =IFERROR(__xludf.DUMMYFUNCTION("arrayformula( if( sum(J5:AN5 + 0), max( len( split( concatenate( left(J5:AN5) ), ""F"" ) ) ), ""0"" ) )"),"0") -> 0 | AS5: 10 | AT5: =AO5/AS5 -> 0
A6: =A5+1 -> 3 | B6: =H5+1 -> 46034 | C6: =B6+1 -> 46035 | D6: =C6+1 -> 46036 | E6: =D6+1 -> 46037 | F6: =E6+1 -> 46038 | G6: =F6+1 -> 46039 | H6: =G6+1 -> 46040 | I6: 🚶🏽‍♀️10k Steps | J6: FALSE | K6: FALSE | L6: FALSE | M6: FALSE | N6: FALSE | O6: FALSE | P6: FALSE | Q6: FALSE | R6: FALSE | S6: FALSE | T6: FALSE | U6: FALSE | V6: FALSE | W6: FALSE | X6: FALSE | Y6: FALSE | Z6: FALSE | AA6: FALSE | AB6: FALSE | AC6: FALSE | AD6: FALSE | AE6: FALSE | AF6: FALSE | AG6: FALSE | AH6: FALSE | AI6: FALSE | AJ6: FALSE | AK6: FALSE | AL6: FALSE | AM6: FALSE | AN6: FALSE | AO6: =COUNTIF(J6:AN6, "TRUE") -> 0 | AQ6: =IFERROR(__xludf.DUMMYFUNCTION("if(iserror(match(true,J6:AN6,0)),0,len(index(split(substitute(substitute(join("","",J6:AN6)&"","",""TRUE,"",""x""),""FALSE,"","",""),"",""),,counta(split(substitute(substitute(join("","",J6:AN6)&"","",""TRUE,"",""x""),""FALSE,"","",""),"","")))))"),0.0) -> 0 | AR6: =IFERROR(__xludf.DUMMYFUNCTION("arrayformula( if( sum(J6:AN6 + 0), max( len( split( concatenate( left(J6:AN6) ), ""F"" ) ) ), ""0"" ) )"),"0") -> 0 | AS6: 11 | AT6: =AO6/AS6 -> 0
A7: =A6+1 -> 4 | B7: =H6+1 -> 46041 | C7: =B7+1 -> 46042 | D7: =C7+1 -> 46043 | E7: =D7+1 -> 46044 | F7: =E7+1 -> 46045 | G7: =F7+1 -> 46046 | H7: =G7+1 -> 46047 | I7: 💦2 L water | J7: FALSE | K7: FALSE | L7: FALSE | M7: FALSE | N7: FALSE | O7: FALSE | P7: FALSE | Q7: FALSE | R7: FALSE | S7: FALSE | T7: FALSE | U7: TRUE | V7: FALSE | W7: FALSE | X7: FALSE | Y7: FALSE | Z7: FALSE | AA7: FALSE | AB7: FALSE | AC7: FALSE | AD7: FALSE | AE7: FALSE | AF7: FALSE | AG7: FALSE | AH7: FALSE | AI7: FALSE | AJ7: FALSE | AK7: FALSE | AL7: FALSE | AM7: FALSE | AN7: FALSE | AO7: =COUNTIF(J7:AN7, "TRUE") -> 1 | AQ7: =IFERROR(__xludf.DUMMYFUNCTION("if(iserror(match(true,J7:AN7,0)),0,len(index(split(substitute(substitute(join("","",J7:AN7)&"","",""TRUE,"",""x""),""FALSE,"","",""),"",""),,counta(split(substitute(substitute(join("","",J7:AN7)&"","",""TRUE,"",""x""),""FALSE,"","",""),"","")))))"),1.0) -> 1 | AR7: =IFERROR(__xludf.DUMMYFUNCTION("arrayformula( if( sum(J7:AN7 + 0), max( len( split( concatenate( left(J7:AN7) ), ""F"" ) ) ), ""0"" ) )"),1.0) -> 1 | AS7: 12 | AT7: =AO7/AS7 -> 0.083333333
A8: =A7+1 -> 5 | B8: =H7+1 -> 46048 | C8: =B8+1 -> 46049 | D8: =C8+1 -> 46050 | E8: =D8+1 -> 46051 | F8: =E8+1 -> 46052 | G8: =F8+1 -> 46053 | H8: =G8+1 -> 46054 | I8: 🏋🏾‍♂️Gym | J8: FALSE | K8: FALSE | L8: FALSE | M8: FALSE | N8: FALSE | O8: FALSE | P8: FALSE | Q8: FALSE | R8: FALSE | S8: FALSE | T8: FALSE | U8: FALSE | V8: FALSE | W8: FALSE | X8: FALSE | Y8: FALSE | Z8: FALSE | AA8: FALSE | AB8: FALSE | AC8: FALSE | AD8: FALSE | AE8: FALSE | AF8: FALSE | AG8: FALSE | AH8: FALSE | AI8: FALSE | AJ8: FALSE | AK8: FALSE | AL8: FALSE | AM8: FALSE | AN8: FALSE | AO8: =COUNTIF(J8:AN8, "TRUE") -> 0 | AQ8: =IFERROR(__xludf.DUMMYFUNCTION("if(iserror(match(true,J8:AN8,0)),0,len(index(split(substitute(substitute(join("","",J8:AN8)&"","",""TRUE,"",""x""),""FALSE,"","",""),"",""),,counta(split(substitute(substitute(join("","",J8:AN8)&"","",""TRUE,"",""x""),""FALSE,"","",""),"","")))))"),0.0) -> 0 | AR8: =IFERROR(__xludf.DUMMYFUNCTION("arrayformula( if( sum(J8:AN8 + 0), max( len( split( concatenate( left(J8:AN8) ), ""F"" ) ) ), ""0"" ) )"),"0") -> 0 | AS8: 13 | AT8: =AO8/AS8 -> 0
A9: =A8+1 -> 6 | B9: =H8+1 -> 46055 | C9: =B9+1 -> 46056 | D9: =C9+1 -> 46057 | E9: =D9+1 -> 46058 | F9: =E9+1 -> 46059 | G9: =F9+1 -> 46060 | H9: =G9+1 -> 46061 | J9: FALSE | K9: FALSE | L9: FALSE | M9: FALSE | N9: FALSE | O9: FALSE | P9: FALSE | Q9: FALSE | R9: FALSE | S9: FALSE | T9: FALSE | U9: FALSE | V9: FALSE | W9: FALSE | X9: FALSE | Y9: FALSE | Z9: FALSE | AA9: FALSE | AB9: FALSE | AC9: FALSE | AD9: FALSE | AE9: FALSE | AF9: FALSE | AG9: FALSE | AH9: FALSE | AI9: FALSE | AJ9: FALSE | AK9: FALSE | AL9: FALSE | AM9: FALSE | AN9: FALSE | AO9: =COUNTIF(J9:AN9, "TRUE") -> 0 | AQ9: =IFERROR(__xludf.DUMMYFUNCTION("if(iserror(match(true,J9:AN9,0)),0,len(index(split(substitute(substitute(join("","",J9:AN9)&"","",""TRUE,"",""x""),""FALSE,"","",""),"",""),,counta(split(substitute(substitute(join("","",J9:AN9)&"","",""TRUE,"",""x""),""FALSE,"","",""),"","")))))"),0.0) -> 0 | AR9: =IFERROR(__xludf.DUMMYFUNCTION("arrayformula( if( sum(J9:AN9 + 0), max( len( split( concatenate( left(J9:AN9) ), ""F"" ) ) ), ""0"" ) )"),"0") -> 0 | AS9: 14 | AT9: =AO9/AS9 -> 0
J10: FALSE | K10: FALSE | L10: FALSE | M10: FALSE | N10: FALSE | O10: FALSE | P10: FALSE | Q10: FALSE | R10: FALSE | S10: FALSE | T10: FALSE | U10: FALSE | V10: FALSE | W10: FALSE | X10: FALSE | Y10: FALSE | Z10: FALSE | AA10: FALSE | AB10: FALSE | AC10: FALSE | AD10: FALSE | AE10: FALSE | AF10: FALSE | AG10: FALSE | AH10: FALSE | AI10: FALSE | AJ10: FALSE | AK10: FALSE | AL10: FALSE | AM10: FALSE | AN10: FALSE | AO10: =COUNTIF(J10:AN10, "TRUE") -> 0 | AQ10: =IFERROR(__xludf.DUMMYFUNCTION("if(iserror(match(true,J10:AN10,0)),0,len(index(split(substitute(substitute(join("","",J10:AN10)&"","",""TRUE,"",""x""),""FALSE,"","",""),"",""),,counta(split(substitute(substitute(join("","",J10:AN10)&"","",""TRUE,"",""x""),""FALSE,"","",""),"","")))))"),0.0) -> 0 | AR10: =IFERROR(__xludf.DUMMYFUNCTION("arrayformula( if( sum(J10:AN10 + 0), max( len( split( concatenate( left(J10:AN10) ), ""F"" ) ) ), ""0"" ) )"),"0") -> 0 | AS10: 15 | AT10: =AO10/AS10 -> 0
J11: FALSE | K11: FALSE | L11: FALSE | M11: FALSE | N11: FALSE | O11: FALSE | P11: FALSE | Q11: FALSE | R11: FALSE | S11: FALSE | T11: FALSE | U11: FALSE | V11: FALSE | W11: FALSE | X11: FALSE | Y11: FALSE | Z11: FALSE | AA11: FALSE | AB11: FALSE | AC11: FALSE | AD11: FALSE | AE11: FALSE | AF11: FALSE | AG11: FALSE | AH11: FALSE | AI11: FALSE | AJ11: FALSE | AK11: FALSE | AL11: FALSE | AM11: FALSE | AN11: FALSE | AO11: =COUNTIF(J11:AN11, "TRUE") -> 0 | AQ11: =IFERROR(__xludf.DUMMYFUNCTION("if(iserror(match(true,J11:AN11,0)),0,len(index(split(substitute(substitute(join("","",J11:AN11)&"","",""TRUE,"",""x""),""FALSE,"","",""),"",""),,counta(split(substitute(substitute(join("","",J11:AN11)&"","",""TRUE,"",""x""),""FALSE,"","",""),"","")))))"),0.0) -> 0 | AR11: =IFERROR(__xludf.DUMMYFUNCTION("arrayformula( if( sum(J11:AN11 + 0), max( len( split( concatenate( left(J11:AN11) ), ""F"" ) ) ), ""0"" ) )"),"0") -> 0 | AS11: 15 | AT11: =AO11/AS11 -> 0
J12: FALSE | K12: FALSE | L12: FALSE | M12: FALSE | N12: FALSE | O12: FALSE | P12: FALSE | Q12: FALSE | R12: FALSE | S12: FALSE | T12: FALSE | U12: FALSE | V12: FALSE | W12: FALSE | X12: FALSE | Y12: FALSE | Z12: FALSE | AA12: FALSE | AB12: FALSE | AC12: FALSE | AD12: FALSE | AE12: FALSE | AF12: FALSE | AG12: FALSE | AH12: FALSE | AI12: FALSE | AJ12: FALSE | AK12: FALSE | AL12: FALSE | AM12: FALSE | AN12: FALSE | AO12: =COUNTIF(J12:AN12, "TRUE") -> 0 | AQ12: =IFERROR(__xludf.DUMMYFUNCTION("if(iserror(match(true,J12:AN12,0)),0,len(index(split(substitute(substitute(join("","",J12:AN12)&"","",""TRUE,"",""x""),""FALSE,"","",""),"",""),,counta(split(substitute(substitute(join("","",J12:AN12)&"","",""TRUE,"",""x""),""FALSE,"","",""),"","")))))"),0.0) -> 0 | AR12: =IFERROR(__xludf.DUMMYFUNCTION("arrayformula( if( sum(J12:AN12 + 0), max( len( split( concatenate( left(J12:AN12) ), ""F"" ) ) ), ""0"" ) )"),"0") -> 0 | AS12: 15 | AT12: =AO12/AS12 -> 0
J13: FALSE | K13: FALSE | L13: FALSE | M13: FALSE | N13: FALSE | O13: FALSE | P13: FALSE | Q13: FALSE | R13: FALSE | S13: FALSE | T13: FALSE | U13: FALSE | V13: FALSE | W13: FALSE | X13: FALSE | Y13: FALSE | Z13: FALSE | AA13: FALSE | AB13: FALSE | AC13: FALSE | AD13: FALSE | AE13: FALSE | AF13: FALSE | AG13: FALSE | AH13: FALSE | AI13: FALSE | AJ13: FALSE | AK13: FALSE | AL13: FALSE | AM13: FALSE | AN13: FALSE | AO13: =COUNTIF(J13:AN13, "TRUE") -> 0 | AQ13: =IFERROR(__xludf.DUMMYFUNCTION("if(iserror(match(true,J13:AN13,0)),0,len(index(split(substitute(substitute(join("","",J13:AN13)&"","",""TRUE,"",""x""),""FALSE,"","",""),"",""),,counta(split(substitute(substitute(join("","",J13:AN13)&"","",""TRUE,"",""x""),""FALSE,"","",""),"","")))))"),0.0) -> 0 | AR13: =IFERROR(__xludf.DUMMYFUNCTION("arrayformula( if( sum(J13:AN13 + 0), max( len( split( concatenate( left(J13:AN13) ), ""F"" ) ) ), ""0"" ) )"),"0") -> 0 | AS13: 15 | AT13: =AO13/AS13 -> 0
J14: FALSE | K14: FALSE | L14: FALSE | M14: FALSE | N14: FALSE | O14: FALSE | P14: FALSE | Q14: FALSE | R14: FALSE | S14: FALSE | T14: FALSE | U14: FALSE | V14: FALSE | W14: FALSE | X14: FALSE | Y14: FALSE | Z14: FALSE | AA14: FALSE | AB14: FALSE | AC14: FALSE | AD14: FALSE | AE14: FALSE | AF14: FALSE | AG14: FALSE | AH14: FALSE | AI14: FALSE | AJ14: FALSE | AK14: FALSE | AL14: FALSE | AM14: FALSE | AN14: FALSE | AO14: =COUNTIF(J14:AN14, "TRUE") -> 0 | AQ14: =IFERROR(__xludf.DUMMYFUNCTION("if(iserror(match(true,J14:AN14,0)),0,len(index(split(substitute(substitute(join("","",J14:AN14)&"","",""TRUE,"",""x""),""FALSE,"","",""),"",""),,counta(split(substitute(substitute(join("","",J14:AN14)&"","",""TRUE,"",""x""),""FALSE,"","",""),"","")))))"),0.0) -> 0 | AR14: =IFERROR(__xludf.DUMMYFUNCTION("arrayformula( if( sum(J14:AN14 + 0), max( len( split( concatenate( left(J14:AN14) ), ""F"" ) ) ), ""0"" ) )"),"0") -> 0 | AS14: 15 | AT14: =AO14/AS14 -> 0
J15: FALSE | K15: FALSE | L15: FALSE | M15: FALSE | N15: FALSE | O15: FALSE | P15: FALSE | Q15: FALSE | R15: FALSE | S15: FALSE | T15: FALSE | U15: FALSE | V15: FALSE | W15: FALSE | X15: FALSE | Y15: FALSE | Z15: FALSE | AA15: FALSE | AB15: FALSE | AC15: FALSE | AD15: FALSE | AE15: FALSE | AF15: FALSE | AG15: FALSE | AH15: FALSE | AI15: FALSE | AJ15: FALSE | AK15: FALSE | AL15: FALSE | AM15: FALSE | AN15: FALSE | AO15: =COUNTIF(J15:AN15, "TRUE") -> 0 | AQ15: =IFERROR(__xludf.DUMMYFUNCTION("if(iserror(match(true,J15:AN15,0)),0,len(index(split(substitute(substitute(join("","",J15:AN15)&"","",""TRUE,"",""x""),""FALSE,"","",""),"",""),,counta(split(substitute(substitute(join("","",J15:AN15)&"","",""TRUE,"",""x""),""FALSE,"","",""),"","")))))"),0.0) -> 0 | AR15: =IFERROR(__xludf.DUMMYFUNCTION("arrayformula( if( sum(J15:AN15 + 0), max( len( split( concatenate( left(J15:AN15) ), ""F"" ) ) ), ""0"" ) )"),"0") -> 0 | AS15: 15 | AT15: =AO15/AS15 -> 0
J16: FALSE | K16: FALSE | L16: FALSE | M16: FALSE | N16: FALSE | O16: FALSE | P16: FALSE | Q16: FALSE | R16: FALSE | S16: FALSE | T16: FALSE | U16: FALSE | V16: FALSE | W16: FALSE | X16: FALSE | Y16: FALSE | Z16: FALSE | AA16: FALSE | AB16: FALSE | AC16: FALSE | AD16: FALSE | AE16: FALSE | AF16: FALSE | AG16: FALSE | AH16: FALSE | AI16: FALSE | AJ16: FALSE | AK16: FALSE | AL16: FALSE | AM16: FALSE | AN16: FALSE | AO16: =COUNTIF(J16:AN16, "TRUE") -> 0 | AQ16: =IFERROR(__xludf.DUMMYFUNCTION("if(iserror(match(true,J16:AN16,0)),0,len(index(split(substitute(substitute(join("","",J16:AN16)&"","",""TRUE,"",""x""),""FALSE,"","",""),"",""),,counta(split(substitute(substitute(join("","",J16:AN16)&"","",""TRUE,"",""x""),""FALSE,"","",""),"","")))))"),0.0) -> 0 | AR16: =IFERROR(__xludf.DUMMYFUNCTION("arrayformula( if( sum(J16:AN16 + 0), max( len( split( concatenate( left(J16:AN16) ), ""F"" ) ) ), ""0"" ) )"),"0") -> 0 | AS16: 15 | AT16: =AO16/AS16 -> 0
J17: FALSE | K17: FALSE | L17: FALSE | M17: FALSE | N17: FALSE | O17: FALSE | P17: FALSE | Q17: FALSE | R17: FALSE | S17: FALSE | T17: FALSE | U17: FALSE | V17: FALSE | W17: FALSE | X17: FALSE | Y17: FALSE | Z17: FALSE | AA17: FALSE | AB17: FALSE | AC17: FALSE | AD17: FALSE | AE17: FALSE | AF17: FALSE | AG17: FALSE | AH17: FALSE | AI17: FALSE | AJ17: FALSE | AK17: FALSE | AL17: FALSE | AM17: FALSE | AN17: FALSE | AO17: =COUNTIF(J17:AN17, "TRUE") -> 0 | AQ17: =IFERROR(__xludf.DUMMYFUNCTION("if(iserror(match(true,J17:AN17,0)),0,len(index(split(substitute(substitute(join("","",J17:AN17)&"","",""TRUE,"",""x""),""FALSE,"","",""),"",""),,counta(split(substitute(substitute(join("","",J17:AN17)&"","",""TRUE,"",""x""),""FALSE,"","",""),"","")))))"),0.0) -> 0 | AR17: =IFERROR(__xludf.DUMMYFUNCTION("arrayformula( if( sum(J17:AN17 + 0), max( len( split( concatenate( left(J17:AN17) ), ""F"" ) ) ), ""0"" ) )"),"0") -> 0 | AS17: 15 | AT17: =AO17/AS17 -> 0
J18: FALSE | K18: FALSE | L18: FALSE | M18: FALSE | N18: FALSE | O18: FALSE | P18: FALSE | Q18: FALSE | R18: FALSE | S18: FALSE | T18: FALSE | U18: FALSE | V18: FALSE | W18: FALSE | X18: FALSE | Y18: FALSE | Z18: FALSE | AA18: FALSE | AB18: FALSE | AC18: FALSE | AD18: FALSE | AE18: FALSE | AF18: FALSE | AG18: FALSE | AH18: FALSE | AI18: FALSE | AJ18: FALSE | AK18: FALSE | AL18: FALSE | AM18: FALSE | AN18: FALSE | AO18: =COUNTIF(J18:AN18, "TRUE") -> 0 | AQ18: =IFERROR(__xludf.DUMMYFUNCTION("if(iserror(match(true,J18:AN18,0)),0,len(index(split(substitute(substitute(join("","",J18:AN18)&"","",""TRUE,"",""x""),""FALSE,"","",""),"",""),,counta(split(substitute(substitute(join("","",J18:AN18)&"","",""TRUE,"",""x""),""FALSE,"","",""),"","")))))"),0.0) -> 0 | AR18: =IFERROR(__xludf.DUMMYFUNCTION("arrayformula( if( sum(J18:AN18 + 0), max( len( split( concatenate( left(J18:AN18) ), ""F"" ) ) ), ""0"" ) )"),"0") -> 0 | AS18: 15 | AT18: =AO18/AS18 -> 0
J19: FALSE | K19: FALSE | L19: FALSE | M19: FALSE | N19: FALSE | O19: FALSE | P19: FALSE | Q19: FALSE | R19: FALSE | S19: FALSE | T19: FALSE | U19: FALSE | V19: FALSE | W19: FALSE | X19: FALSE | Y19: FALSE | Z19: FALSE | AA19: FALSE | AB19: FALSE | AC19: FALSE | AD19: FALSE | AE19: FALSE | AF19: FALSE | AG19: FALSE | AH19: FALSE | AI19: FALSE | AJ19: FALSE | AK19: FALSE | AL19: FALSE | AM19: FALSE | AN19: FALSE | AO19: =COUNTIF(J19:AN19, "TRUE") -> 0 | AQ19: =IFERROR(__xludf.DUMMYFUNCTION("if(iserror(match(true,J19:AN19,0)),0,len(index(split(substitute(substitute(join("","",J19:AN19)&"","",""TRUE,"",""x""),""FALSE,"","",""),"",""),,counta(split(substitute(substitute(join("","",J19:AN19)&"","",""TRUE,"",""x""),""FALSE,"","",""),"","")))))"),0.0) -> 0 | AR19: =IFERROR(__xludf.DUMMYFUNCTION("arrayformula( if( sum(J19:AN19 + 0), max( len( split( concatenate( left(J19:AN19) ), ""F"" ) ) ), ""0"" ) )"),"0") -> 0 | AS19: 15 | AT19: =AO19/AS19 -> 0
J20: FALSE | K20: FALSE | L20: FALSE | M20: FALSE | N20: FALSE | O20: FALSE | P20: FALSE | Q20: FALSE | R20: FALSE | S20: FALSE | T20: FALSE | U20: FALSE | V20: FALSE | W20: FALSE | X20: FALSE | Y20: FALSE | Z20: FALSE | AA20: FALSE | AB20: FALSE | AC20: FALSE | AD20: FALSE | AE20: FALSE | AF20: FALSE | AG20: FALSE | AH20: FALSE | AI20: FALSE | AJ20: FALSE | AK20: FALSE | AL20: FALSE | AM20: FALSE | AN20: FALSE | AO20: =COUNTIF(J20:AN20, "TRUE") -> 0 | AQ20: =IFERROR(__xludf.DUMMYFUNCTION("if(iserror(match(true,J20:AN20,0)),0,len(index(split(substitute(substitute(join("","",J20:AN20)&"","",""TRUE,"",""x""),""FALSE,"","",""),"",""),,counta(split(substitute(substitute(join("","",J20:AN20)&"","",""TRUE,"",""x""),""FALSE,"","",""),"","")))))"),0.0) -> 0 | AR20: =IFERROR(__xludf.DUMMYFUNCTION("arrayformula( if( sum(J20:AN20 + 0), max( len( split( concatenate( left(J20:AN20) ), ""F"" ) ) ), ""0"" ) )"),"0") -> 0 | AS20: 15 | AT20: =AO20/AS20 -> 0
J21: FALSE | K21: FALSE | L21: FALSE | M21: FALSE | N21: FALSE | O21: FALSE | P21: FALSE | Q21: FALSE | R21: FALSE | S21: FALSE | T21: FALSE | U21: FALSE | V21: FALSE | W21: FALSE | X21: FALSE | Y21: FALSE | Z21: FALSE | AA21: FALSE | AB21: FALSE | AC21: FALSE | AD21: FALSE | AE21: FALSE | AF21: FALSE | AG21: FALSE | AH21: FALSE | AI21: FALSE | AJ21: FALSE | AK21: FALSE | AL21: FALSE | AM21: FALSE | AN21: FALSE | AO21: =COUNTIF(J21:AN21, "TRUE") -> 0 | AQ21: =IFERROR(__xludf.DUMMYFUNCTION("if(iserror(match(true,J21:AN21,0)),0,len(index(split(substitute(substitute(join("","",J21:AN21)&"","",""TRUE,"",""x""),""FALSE,"","",""),"",""),,counta(split(substitute(substitute(join("","",J21:AN21)&"","",""TRUE,"",""x""),""FALSE,"","",""),"","")))))"),0.0) -> 0 | AR21: =IFERROR(__xludf.DUMMYFUNCTION("arrayformula( if( sum(J21:AN21 + 0), max( len( split( concatenate( left(J21:AN21) ), ""F"" ) ) ), ""0"" ) )"),"0") -> 0 | AS21: 15 | AT21: =AO21/AS21 -> 0
J22: FALSE | K22: FALSE | L22: FALSE | M22: FALSE | N22: FALSE | O22: FALSE | P22: FALSE | Q22: FALSE | R22: FALSE | S22: FALSE | T22: FALSE | U22: FALSE | V22: FALSE | W22: FALSE | X22: FALSE | Y22: FALSE | Z22: FALSE | AA22: FALSE | AB22: FALSE | AC22: FALSE | AD22: FALSE | AE22: FALSE | AF22: FALSE | AG22: FALSE | AH22: FALSE | AI22: FALSE | AJ22: FALSE | AK22: FALSE | AL22: FALSE | AM22: FALSE | AN22: FALSE | AO22: =COUNTIF(J22:AN22, "TRUE") -> 0 | AQ22: =IFERROR(__xludf.DUMMYFUNCTION("if(iserror(match(true,J22:AN22,0)),0,len(index(split(substitute(substitute(join("","",J22:AN22)&"","",""TRUE,"",""x""),""FALSE,"","",""),"",""),,counta(split(substitute(substitute(join("","",J22:AN22)&"","",""TRUE,"",""x""),""FALSE,"","",""),"","")))))"),0.0) -> 0 | AR22: =IFERROR(__xludf.DUMMYFUNCTION("arrayformula( if( sum(J22:AN22 + 0), max( len( split( concatenate( left(J22:AN22) ), ""F"" ) ) ), ""0"" ) )"),"0") -> 0 | AS22: 15 | AT22: =AO22/AS22 -> 0
J23: {=IF(COUNTIF(J3:J22, "TRUE") = 1, Setup!$E$4, IF(COUNTIF(J3:J22, "TRUE") = 0, Setup!$E$3, IF(COUNTIF(J3:J22, "TRUE") = 2, Setup!$E$5, IF(COUNTIF(J3:J22, "TRUE") = 3, Setup!$E$6, IF(COUNTIF(J3:J22, "TRUE") = 4, Setup!$E$7, IF(COUNTIF(J3:J22, "TRUE") = 5, Setup!$E$8, IF(COUNTIF(J3:J22, "TRUE") >= 6, Setup!$E$9))) ))))} | K23: {=IF(COUNTIF(K3:K22, "TRUE") = 1, Setup!$E$4, IF(COUNTIF(K3:K22, "TRUE") = 0, Setup!$E$3, IF(COUNTIF(K3:K22, "TRUE") = 2, Setup!$E$5, IF(COUNTIF(K3:K22, "TRUE") = 3, Setup!$E$6, IF(COUNTIF(K3:K22, "TRUE") = 4, Setup!$E$7, IF(COUNTIF(K3:K22, "TRUE") = 5, Setup!$E$8, IF(COUNTIF(K3:K22, "TRUE") >= 6, Setup!$E$9))) ))))} | L23: {=IF(COUNTIF(L3:L22, "TRUE") = 1, Setup!$E$4, IF(COUNTIF(L3:L22, "TRUE") = 0, Setup!$E$3, IF(COUNTIF(L3:L22, "TRUE") = 2, Setup!$E$5, IF(COUNTIF(L3:L22, "TRUE") = 3, Setup!$E$6, IF(COUNTIF(L3:L22, "TRUE") = 4, Setup!$E$7, IF(COUNTIF(L3:L22, "TRUE") = 5, Setup!$E$8, IF(COUNTIF(L3:L22, "TRUE") >= 6, Setup!$E$9))) ))))} | M23: {=IF(COUNTIF(M3:M22, "TRUE") = 1, Setup!$E$4, IF(COUNTIF(M3:M22, "TRUE") = 0, Setup!$E$3, IF(COUNTIF(M3:M22, "TRUE") = 2, Setup!$E$5, IF(COUNTIF(M3:M22, "TRUE") = 3, Setup!$E$6, IF(COUNTIF(M3:M22, "TRUE") = 4, Setup!$E$7, IF(COUNTIF(M3:M22, "TRUE") = 5, Setup!$E$8, IF(COUNTIF(M3:M22, "TRUE") >= 6, Setup!$E$9))) ))))} | N23: {=IF(COUNTIF(N3:N22, "TRUE") = 1, Setup!$E$4, IF(COUNTIF(N3:N22, "TRUE") = 0, Setup!$E$3, IF(COUNTIF(N3:N22, "TRUE") = 2, Setup!$E$5, IF(COUNTIF(N3:N22, "TRUE") = 3, Setup!$E$6, IF(COUNTIF(N3:N22, "TRUE") = 4, Setup!$E$7, IF(COUNTIF(N3:N22, "TRUE") = 5, Setup!$E$8, IF(COUNTIF(N3:N22, "TRUE") >= 6, Setup!$E$9))) ))))} | O23: {=IF(COUNTIF(O3:O22, "TRUE") = 1, Setup!$E$4, IF(COUNTIF(O3:O22, "TRUE") = 0, Setup!$E$3, IF(COUNTIF(O3:O22, "TRUE") = 2, Setup!$E$5, IF(COUNTIF(O3:O22, "TRUE") = 3, Setup!$E$6, IF(COUNTIF(O3:O22, "TRUE") = 4, Setup!$E$7, IF(COUNTIF(O3:O22, "TRUE") = 5, Setup!$E$8, IF(COUNTIF(O3:O22, "TRUE") >= 6, Setup!$E$9))) ))))} | P23: {=IF(COUNTIF(P3:P22, "TRUE") = 1, Setup!$E$4, IF(COUNTIF(P3:P22, "TRUE") = 0, Setup!$E$3, IF(COUNTIF(P3:P22, "TRUE") = 2, Setup!$E$5, IF(COUNTIF(P3:P22, "TRUE") = 3, Setup!$E$6, IF(COUNTIF(P3:P22, "TRUE") = 4, Setup!$E$7, IF(COUNTIF(P3:P22, "TRUE") = 5, Setup!$E$8, IF(COUNTIF(P3:P22, "TRUE") >= 6, Setup!$E$9))) ))))} | Q23: {=IF(COUNTIF(Q3:Q22, "TRUE") = 1, Setup!$E$4, IF(COUNTIF(Q3:Q22, "TRUE") = 0, Setup!$E$3, IF(COUNTIF(Q3:Q22, "TRUE") = 2, Setup!$E$5, IF(COUNTIF(Q3:Q22, "TRUE") = 3, Setup!$E$6, IF(COUNTIF(Q3:Q22, "TRUE") = 4, Setup!$E$7, IF(COUNTIF(Q3:Q22, "TRUE") = 5, Setup!$E$8, IF(COUNTIF(Q3:Q22, "TRUE") >= 6, Setup!$E$9))) ))))} | ... AN23: {=IF(COUNTIF(AN3:AN22, "TRUE") = 1, Setup!$E$4, IF(COUNTIF(AN3:AN22, "TRUE") = 0, Setup!$E$3, IF(COUNTIF(AN3:AN22, "TRUE") = 2, Setup!$E$5, IF(COUNTIF(AN3:AN22, "TRUE") = 3, Setup!$E$6, IF(COUNTIF(AN3:AN22, "TRUE") = 4, Setup!$E$7, IF(COUNTIF(AN3:AN22, "TRUE") = 5, Setup!$E$8, IF(COUNTIF(AN3:AN22, "TRUE") >= 6, Setup!$E$9))) ))))}
A24: 🌬️ | B24: FEBRUARY | I24: February | J24: {=DATE($D$1, MATCH(I24, {"January","February","March","April","May","June","July","August","September","October","November","December"}, 0), 1)} -> 46054 | K24: =J24+1 -> 46055 | L24: =K24+1 -> 46056 | M24: =L24+1 -> 46057 | N24: =M24+1 -> 46058 | O24: =N24+1 -> 46059 | P24: =O24+1 -> 46060 | Q24: =P24+1 -> 46061 | R24: =Q24+1 -> 46062 | ... AL24: =AK24+1 -> 46082 | AO24: TOTAL | AQ24: current streak 🔥 | AR24: longest streak😼 | AS24: Goal🔢 | AT24: Progress 📈
J25: =J24 -> 46054 | K25: =K24 -> 46055 | L25: =L24 -> 46056 | M25: =M24 -> 46057 | N25: =N24 -> 46058 | O25: =O24 -> 46059 | P25: =P24 -> 46060 | Q25: =Q24 -> 46061 | ... AL25: =AL24 -> 46082
B26: =IF($E$2="Monday", TEXT(TODAY()-WEEKDAY(TODAY(),2)+COLUMN(B26)-1,"ddd"), TEXT(TODAY()-WEEKDAY(TODAY(),1)+IF(COLUMN(B26)>1,COLUMN(B26)-1,7),"ddd")) -> Mon | C26: =IF($E$2="Monday", TEXT(TODAY()-WEEKDAY(TODAY(),2)+COLUMN(C26)-1,"ddd"), TEXT(TODAY()-WEEKDAY(TODAY(),1)+IF(COLUMN(C26)>1,COLUMN(C26)-1,7),"ddd")) -> Tue | D26: =IF($E$2="Monday", TEXT(TODAY()-WEEKDAY(TODAY(),2)+COLUMN(D26)-1,"ddd"), TEXT(TODAY()-WEEKDAY(TODAY(),1)+IF(COLUMN(D26)>1,COLUMN(D26)-1,7),"ddd")) -> Wed | E26: =IF($E$2="Monday", TEXT(TODAY()-WEEKDAY(TODAY(),2)+COLUMN(E26)-1,"ddd"), TEXT(TODAY()-WEEKDAY(TODAY(),1)+IF(COLUMN(E26)>1,COLUMN(E26)-1,7),"ddd")) -> Thu | F26: =IF($E$2="Monday", TEXT(TODAY()-WEEKDAY(TODAY(),2)+COLUMN(F26)-1,"ddd"), TEXT(TODAY()-WEEKDAY(TODAY(),1)+IF(COLUMN(F26)>1,COLUMN(F26)-1,7),"ddd")) -> Fri | G26: =IF($E$2="Monday", TEXT(TODAY()-WEEKDAY(TODAY(),2)+COLUMN(G26)-1,"ddd"), TEXT(TODAY()-WEEKDAY(TODAY(),1)+IF(COLUMN(G26)>1,COLUMN(G26)-1,7),"ddd")) -> Sat | H26: =IF($E$2="Monday", TEXT(TODAY()-WEEKDAY(TODAY(),2)+COLUMN(H26)-1,"ddd"), TEXT(TODAY()-WEEKDAY(TODAY(),1)+IF(COLUMN(H26)>1,COLUMN(H26)-1,7),"ddd")) -> Sun | I26: {=Setup!$B$3:$B$22} -> 🧘🏻‍♀️Yoga | J26: FALSE | K26: FALSE | L26: FALSE | M26: FALSE | N26: FALSE | O26: FALSE | P26: FALSE | Q26: FALSE | R26: FALSE | S26: FALSE | T26: FALSE | U26: FALSE | V26: FALSE | W26: FALSE | X26: FALSE | Y26: FALSE | Z26: FALSE | AA26: FALSE | AB26: FALSE | AC26: FALSE | AD26: FALSE | AE26: FALSE | AF26: FALSE | AG26: FALSE | AH26: FALSE | AI26: FALSE | AJ26: FALSE | AK26: FALSE | AL26: FALSE | AO26: =COUNTIF(J26:AN26, "TRUE") -> 0 | AQ26: =IFERROR(__xludf.DUMMYFUNCTION("if(iserror(match(true,J26:AN26,0)),0,len(index(split(substitute(substitute(join("","",J26:AN26)&"","",""TRUE,"",""x""),""FALSE,"","",""),"",""),,counta(split(substitute(substitute(join("","",J26:AN26)&"","",""TRUE,"",""x""),""FALSE,"","",""),"","")))))"),0.0) -> 0 | AR26: =IFERROR(__xludf.DUMMYFUNCTION("arrayformula( if( sum(J26:AN26 + 0), max( len( split( concatenate( left(J26:AN26) ), ""F"" ) ) ), ""0"" ) )"),"0") -> 0 | AS26: 15 | AT26: =AO26/AS26 -> 0
A27: =WEEKNUM(DATE(D1, MONTH(I24 & 1), 1), 2) -> 5 | B27: {=IFERROR(DATE($D$1, 1, (A27-1)*7 + 2 - WEEKDAY(DATE($D$1, 1, 1) - MATCH(B26, {"Mon","Tue","Wed","Thu","Fri","Sat","Sun"}, 0))), "")} -> 46048 | C27: =B27+1 -> 46049 | D27: =C27+1 -> 46050 | E27: =D27+1 -> 46051 | F27: =E27+1 -> 46052 | G27: =F27+1 -> 46053 | H27: =G27+1 -> 46054 | I27: 🌜Meditate | J27: FALSE | K27: FALSE | L27: FALSE | M27: FALSE | N27: FALSE | O27: FALSE | P27: FALSE | Q27: FALSE | R27: FALSE | S27: FALSE | T27: FALSE | U27: FALSE | V27: FALSE | W27: FALSE | X27: FALSE | Y27: FALSE | Z27: FALSE | AA27: FALSE | AB27: FALSE | AC27: FALSE | AD27: FALSE | AE27: FALSE | AF27: FALSE | AG27: FALSE | AH27: FALSE | AI27: FALSE | AJ27: FALSE | AK27: FALSE | AL27: FALSE | AO27: =COUNTIF(J27:AN27, "TRUE") -> 0 | AQ27: =IFERROR(__xludf.DUMMYFUNCTION("if(iserror(match(true,J27:AN27,0)),0,len(index(split(substitute(substitute(join("","",J27:AN27)&"","",""TRUE,"",""x""),""FALSE,"","",""),"",""),,counta(split(substitute(substitute(join("","",J27:AN27)&"","",""TRUE,"",""x""),""FALSE,"","",""),"","")))))"),0.0) -> 0 | AR27: =IFERROR(__xludf.DUMMYFUNCTION("arrayformula( if( sum(J27:AN27 + 0), max( len( split( concatenate( left(J27:AN27) ), ""F"" ) ) ), ""0"" ) )"),"0") -> 0 | AS27: 20 | AT27: =AO27/AS27 -> 0
A28: =A27+1 -> 6 | B28: =H27+1 -> 46055 | C28: =B28+1 -> 46056 | D28: =C28+1 -> 46057 | E28: =D28+1 -> 46058 | F28: =E28+1 -> 46059 | G28: =F28+1 -> 46060 | H28: =G28+1 -> 46061 | I28: 🥝Eat Fruit | J28: FALSE | K28: FALSE | L28: FALSE | M28: FALSE | N28: FALSE | O28: FALSE | P28: FALSE | Q28: FALSE | R28: FALSE | S28: FALSE | T28: FALSE | U28: FALSE | V28: FALSE | W28: FALSE | X28: FALSE | Y28: FALSE | Z28: FALSE | AA28: FALSE | AB28: FALSE | AC28: FALSE | AD28: FALSE | AE28: FALSE | AF28: FALSE | AG28: FALSE | AH28: FALSE | AI28: FALSE | AJ28: FALSE | AK28: FALSE | AL28: FALSE | AO28: =COUNTIF(J28:AN28, "TRUE") -> 0 | AQ28: =IFERROR(__xludf.DUMMYFUNCTION("if(iserror(match(true,J28:AN28,0)),0,len(index(split(substitute(substitute(join("","",J28:AN28)&"","",""TRUE,"",""x""),""FALSE,"","",""),"",""),,counta(split(substitute(substitute(join("","",J28:AN28)&"","",""TRUE,"",""x""),""FALSE,"","",""),"","")))))"),0.0) -> 0 | AR28: =IFERROR(__xludf.DUMMYFUNCTION("arrayformula( if( sum(J28:AN28 + 0), max( len( split( concatenate( left(J28:AN28) ), ""F"" ) ) ), ""0"" ) )"),"0") -> 0 | AS28: 30 | AT28: =AO28/AS28 -> 0
A29: =A28+1 -> 7 | B29: =H28+1 -> 46062 | C29: =B29+1 -> 46063 | D29: =C29+1 -> 46064 | E29: =D29+1 -> 46065 | F29: =E29+1 -> 46066 | G29: =F29+1 -> 46067 | H29: =G29+1 -> 46068 | I29: 🚶🏽‍♀️10k Steps | J29: FALSE | K29: FALSE | L29: FALSE | M29: FALSE | N29: FALSE | O29: FALSE | P29: FALSE | Q29: FALSE | R29: FALSE | S29: FALSE | T29: FALSE | U29: FALSE | V29: FALSE | W29: FALSE | X29: FALSE | Y29: FALSE | Z29: FALSE | AA29: FALSE | AB29: FALSE | AC29: FALSE | AD29: FALSE | AE29: FALSE | AF29: FALSE | AG29: FALSE | AH29: FALSE | AI29: FALSE | AJ29: FALSE | AK29: FALSE | AL29: FALSE | AO29: =COUNTIF(J29:AN29, "TRUE") -> 0 | AQ29: =IFERROR(__xludf.DUMMYFUNCTION("if(iserror(match(true,J29:AN29,0)),0,len(index(split(substitute(substitute(join("","",J29:AN29)&"","",""TRUE,"",""x""),""FALSE,"","",""),"",""),,counta(split(substitute(substitute(join("","",J29:AN29)&"","",""TRUE,"",""x""),""FALSE,"","",""),"","")))))"),0.0) -> 0 | AR29: =IFERROR(__xludf.DUMMYFUNCTION("arrayformula( if( sum(J29:AN29 + 0), max( len( split( concatenate( left(J29:AN29) ), ""F"" ) ) ), ""0"" ) )"),"0") -> 0 | AS29: 20 | AT29: =AO29/AS29 -> 0
A30: =A29+1 -> 8 | B30: =H29+1 -> 46069 | C30: =B30+1 -> 46070 | D30: =C30+1 -> 46071 | E30: =D30+1 -> 46072 | F30: =E30+1 -> 46073 | G30: =F30+1 -> 46074 | H30: =G30+1 -> 46075 | I30: 💦2 L water | J30: FALSE | K30: FALSE | L30: FALSE | M30: FALSE | N30: FALSE | O30: FALSE | P30: FALSE | Q30: FALSE | R30: FALSE | S30: FALSE | T30: FALSE | U30: FALSE | V30: FALSE | W30: FALSE | X30: FALSE | Y30: FALSE | Z30: FALSE | AA30: FALSE | AB30: FALSE | AC30: FALSE | AD30: FALSE | AE30: FALSE | AF30: FALSE | AG30: FALSE | AH30: FALSE | AI30: FALSE | AJ30: FALSE | AK30: FALSE | AL30: FALSE | AO30: =COUNTIF(J30:AN30, "TRUE") -> 0 | AQ30: =IFERROR(__xludf.DUMMYFUNCTION("if(iserror(match(true,J30:AN30,0)),0,len(index(split(substitute(substitute(join("","",J30:AN30)&"","",""TRUE,"",""x""),""FALSE,"","",""),"",""),,counta(split(substitute(substitute(join("","",J30:AN30)&"","",""TRUE,"",""x""),""FALSE,"","",""),"","")))))"),0.0) -> 0 | AR30: =IFERROR(__xludf.DUMMYFUNCTION("arrayformula( if( sum(J30:AN30 + 0), max( len( split( concatenate( left(J30:AN30) ), ""F"" ) ) ), ""0"" ) )"),"0") -> 0 | AS30: 20 | AT30: =AO30/AS30 -> 0
A31: =A30+1 -> 9 | B31: =H30+1 -> 46076 | C31: =B31+1 -> 46077 | D31: =C31+1 -> 46078 | E31: =D31+1 -> 46079 | F31: =E31+1 -> 46080 | G31: =F31+1 -> 46081 | H31: =G31+1 -> 46082 | I31: 🏋🏾‍♂️Gym | J31: FALSE | K31: FALSE | L31: FALSE | M31: FALSE | N31: FALSE | O31: FALSE | P31: FALSE | Q31: FALSE | R31: FALSE | S31: FALSE | T31: FALSE | U31: FALSE | V31: FALSE | W31: FALSE | X31: FALSE | Y31: FALSE | Z31: FALSE | AA31: FALSE | AB31: FALSE | AC31: FALSE | AD31: FALSE | AE31: FALSE | AF31: FALSE | AG31: FALSE | AH31: FALSE | AI31: FALSE | AJ31: FALSE | AK31: FALSE | AL31: FALSE | AO31: =COUNTIF(J31:AN31, "TRUE") -> 0 | AQ31: =IFERROR(__xludf.DUMMYFUNCTION("if(iserror(match(true,J31:AN31,0)),0,len(index(split(substitute(substitute(join("","",J31:AN31)&"","",""TRUE,"",""x""),""FALSE,"","",""),"",""),,counta(split(substitute(substitute(join("","",J31:AN31)&"","",""TRUE,"",""x""),""FALSE,"","",""),"","")))))"),0.0) -> 0 | AR31: =IFERROR(__xludf.DUMMYFUNCTION("arrayformula( if( sum(J31:AN31 + 0), max( len( split( concatenate( left(J31:AN31) ), ""F"" ) ) ), ""0"" ) )"),"0") -> 0 | AS31: 15 | AT31: =AO31/AS31 -> 0
A32: =A31+1 -> 10 | B32: =H31+1 -> 46083 | C32: =B32+1 -> 46084 | D32: =C32+1 -> 46085 | E32: =D32+1 -> 46086 | F32: =E32+1 -> 46087 | G32: =F32+1 -> 46088 | H32: =G32+1 -> 46089 | J32: FALSE | K32: FALSE | L32: FALSE | M32: FALSE | N32: FALSE | O32: FALSE | P32: FALSE | Q32: FALSE | R32: FALSE | S32: FALSE | T32: FALSE | U32: FALSE | V32: FALSE | W32: FALSE | X32: FALSE | Y32: FALSE | Z32: FALSE | AA32: FALSE | AB32: FALSE | AC32: FALSE | AD32: FALSE | AE32: FALSE | AF32: FALSE | AG32: FALSE | AH32: FALSE | AI32: FALSE | AJ32: FALSE | AK32: FALSE | AL32: FALSE | AO32: =COUNTIF(J32:AN32, "TRUE") -> 0 | AQ32: =IFERROR(__xludf.DUMMYFUNCTION("if(iserror(match(true,J32:AN32,0)),0,len(index(split(substitute(substitute(join("","",J32:AN32)&"","",""TRUE,"",""x""),""FALSE,"","",""),"",""),,counta(split(substitute(substitute(join("","",J32:AN32)&"","",""TRUE,"",""x""),""FALSE,"","",""),"","")))))"),0.0) -> 0 | AR32: =IFERROR(__xludf.DUMMYFUNCTION("arrayformula( if( sum(J32:AN32 + 0), max( len( split( concatenate( left(J32:AN32) ), ""F"" ) ) ), ""0"" ) )"),"0") -> 0 | AS32: 15 | AT32: =AO32/AS32 -> 0
J33: FALSE | K33: FALSE | L33: FALSE | M33: FALSE | N33: FALSE | O33: FALSE | P33: FALSE | Q33: FALSE | R33: FALSE | S33: FALSE | T33: FALSE | U33: FALSE | V33: FALSE | W33: FALSE | X33: FALSE | Y33: FALSE | Z33: FALSE | AA33: FALSE | AB33: FALSE | AC33: FALSE | AD33: FALSE | AE33: FALSE | AF33: FALSE | AG33: FALSE | AH33: FALSE | AI33: FALSE | AJ33: FALSE | AK33: FALSE | AO33: =COUNTIF(J33:AN33, "TRUE") -> 0 | AQ33: =IFERROR(__xludf.DUMMYFUNCTION("if(iserror(match(true,J33:AN33,0)),0,len(index(split(substitute(substitute(join("","",J33:AN33)&"","",""TRUE,"",""x""),""FALSE,"","",""),"",""),,counta(split(substitute(substitute(join("","",J33:AN33)&"","",""TRUE,"",""x""),""FALSE,"","",""),"","")))))"),0.0) -> 0 | AR33: =IFERROR(__xludf.DUMMYFUNCTION("arrayformula( if( sum(J33:AN33 + 0), max( len( split( concatenate( left(J33:AN33) ), ""F"" ) ) ), ""0"" ) )"),"0") -> 0 | AS33: 15 | AT33: =AO33/AS33 -> 0
J34: FALSE | K34: FALSE | L34: FALSE | M34: FALSE | N34: FALSE | O34: FALSE | P34: FALSE | Q34: FALSE | R34: FALSE | S34: FALSE | T34: FALSE | U34: FALSE | V34: FALSE | W34: FALSE | X34: FALSE | Y34: FALSE | Z34: FALSE | AA34: FALSE | AB34: FALSE | AC34: FALSE | AD34: FALSE | AE34: FALSE | AF34: FALSE | AG34: FALSE | AH34: FALSE | AI34: FALSE | AJ34: FALSE | AK34: FALSE | AO34: =COUNTIF(J34:AN34, "TRUE") -> 0 | AQ34: =IFERROR(__xludf.DUMMYFUNCTION("if(iserror(match(true,J34:AN34,0)),0,len(index(split(substitute(substitute(join("","",J34:AN34)&"","",""TRUE,"",""x""),""FALSE,"","",""),"",""),,counta(split(substitute(substitute(join("","",J34:AN34)&"","",""TRUE,"",""x""),""FALSE,"","",""),"","")))))"),0.0) -> 0 | AR34: =IFERROR(__xludf.DUMMYFUNCTION("arrayformula( if( sum(J34:AN34 + 0), max( len( split( concatenate( left(J34:AN34) ), ""F"" ) ) ), ""0"" ) )"),"0") -> 0 | AS34: 15 | AT34: =AO34/AS34 -> 0
J35: FALSE | K35: FALSE | L35: FALSE | M35: FALSE | N35: FALSE | O35: FALSE | P35: FALSE | Q35: FALSE | R35: FALSE | S35: FALSE | T35: FALSE | U35: FALSE | V35: FALSE | W35: FALSE | X35: FALSE | Y35: FALSE | Z35: FALSE | AA35: FALSE | AB35: FALSE | AC35: FALSE | AD35: FALSE | AE35: FALSE | AF35: FALSE | AG35: FALSE | AH35: FALSE | AI35: FALSE | AJ35: FALSE | AK35: FALSE | AO35: =COUNTIF(J35:AN35, "TRUE") -> 0 | AQ35: =IFERROR(__xludf.DUMMYFUNCTION("if(iserror(match(true,J35:AN35,0)),0,len(index(split(substitute(substitute(join("","",J35:AN35)&"","",""TRUE,"",""x""),""FALSE,"","",""),"",""),,counta(split(substitute(substitute(join("","",J35:AN35)&"","",""TRUE,"",""x""),""FALSE,"","",""),"","")))))"),0.0) -> 0 | AR35: =IFERROR(__xludf.DUMMYFUNCTION("arrayformula( if( sum(J35:AN35 + 0), max( len( split( concatenate( left(J35:AN35) ), ""F"" ) ) ), ""0"" ) )"),"0") -> 0 | AS35: 15 | AT35: =AO35/AS35 -> 0
J36: FALSE | K36: FALSE | L36: FALSE | M36: FALSE | N36: FALSE | O36: FALSE | P36: FALSE | Q36: FALSE | R36: FALSE | S36: FALSE | T36: FALSE | U36: FALSE | V36: FALSE | W36: FALSE | X36: FALSE | Y36: FALSE | Z36: FALSE | AA36: FALSE | AB36: FALSE | AC36: FALSE | AD36: FALSE | AE36: FALSE | AF36: FALSE | AG36: FALSE | AH36: FALSE | AI36: FALSE | AJ36: FALSE | AK36: FALSE | AO36: =COUNTIF(J36:AN36, "TRUE") -> 0 | AQ36: =IFERROR(__xludf.DUMMYFUNCTION("if(iserror(match(true,J36:AN36,0)),0,len(index(split(substitute(substitute(join("","",J36:AN36)&"","",""TRUE,"",""x""),""FALSE,"","",""),"",""),,counta(split(substitute(substitute(join("","",J36:AN36)&"","",""TRUE,"",""x""),""FALSE,"","",""),"","")))))"),0.0) -> 0 | AR36: =IFERROR(__xludf.DUMMYFUNCTION("arrayformula( if( sum(J36:AN36 + 0), max( len( split( concatenate( left(J36:AN36) ), ""F"" ) ) ), ""0"" ) )"),"0") -> 0 | AS36: 15 | AT36: =AO36/AS36 -> 0
J37: FALSE | K37: FALSE | L37: FALSE | M37: FALSE | N37: FALSE | O37: FALSE | P37: FALSE | Q37: FALSE | R37: FALSE | S37: FALSE | T37: FALSE | U37: FALSE | V37: FALSE | W37: FALSE | X37: FALSE | Y37: FALSE | Z37: FALSE | AA37: FALSE | AB37: FALSE | AC37: FALSE | AD37: FALSE | AE37: FALSE | AF37: FALSE | AG37: FALSE | AH37: FALSE | AI37: FALSE | AJ37: FALSE | AK37: FALSE | AO37: =COUNTIF(J37:AN37, "TRUE") -> 0 | AQ37: =IFERROR(__xludf.DUMMYFUNCTION("if(iserror(match(true,J37:AN37,0)),0,len(index(split(substitute(substitute(join("","",J37:AN37)&"","",""TRUE,"",""x""),""FALSE,"","",""),"",""),,counta(split(substitute(substitute(join("","",J37:AN37)&"","",""TRUE,"",""x""),""FALSE,"","",""),"","")))))"),0.0) -> 0 | AR37: =IFERROR(__xludf.DUMMYFUNCTION("arrayformula( if( sum(J37:AN37 + 0), max( len( split( concatenate( left(J37:AN37) ), ""F"" ) ) ), ""0"" ) )"),"0") -> 0 | AS37: 15 | AT37: =AO37/AS37 -> 0
J38: FALSE | K38: FALSE | L38: FALSE | M38: FALSE | N38: FALSE | O38: FALSE | P38: FALSE | Q38: FALSE | R38: FALSE | S38: FALSE | T38: FALSE | U38: FALSE | V38: FALSE | W38: FALSE | X38: FALSE | Y38: FALSE | Z38: FALSE | AA38: FALSE | AB38: FALSE | AC38: FALSE | AD38: FALSE | AE38: FALSE | AF38: FALSE | AG38: FALSE | AH38: FALSE | AI38: FALSE | AJ38: FALSE | AK38: FALSE | AO38: =COUNTIF(J38:AN38, "TRUE") -> 0 | AQ38: =IFERROR(__xludf.DUMMYFUNCTION("if(iserror(match(true,J38:AN38,0)),0,len(index(split(substitute(substitute(join("","",J38:AN38)&"","",""TRUE,"",""x""),""FALSE,"","",""),"",""),,counta(split(substitute(substitute(join("","",J38:AN38)&"","",""TRUE,"",""x""),""FALSE,"","",""),"","")))))"),0.0) -> 0 | AR38: =IFERROR(__xludf.DUMMYFUNCTION("arrayformula( if( sum(J38:AN38 + 0), max( len( split( concatenate( left(J38:AN38) ), ""F"" ) ) ), ""0"" ) )"),"0") -> 0 | AS38: 15 | AT38: =AO38/AS38 -> 0
J39: FALSE | K39: FALSE | L39: FALSE | M39: FALSE | N39: FALSE | O39: FALSE | P39: FALSE | Q39: FALSE | R39: FALSE | S39: FALSE | T39: FALSE | U39: FALSE | V39: FALSE | W39: FALSE | X39: FALSE | Y39: FALSE | Z39: FALSE | AA39: FALSE | AB39: FALSE | AC39: FALSE | AD39: FALSE | AE39: FALSE | AF39: FALSE | AG39: FALSE | AH39: FALSE | AI39: FALSE | AJ39: FALSE | AK39: FALSE | AO39: =COUNTIF(J39:AN39, "TRUE") -> 0 | AQ39: =IFERROR(__xludf.DUMMYFUNCTION("if(iserror(match(true,J39:AN39,0)),0,len(index(split(substitute(substitute(join("","",J39:AN39)&"","",""TRUE,"",""x""),""FALSE,"","",""),"",""),,counta(split(substitute(substitute(join("","",J39:AN39)&"","",""TRUE,"",""x""),""FALSE,"","",""),"","")))))"),0.0) -> 0 | AR39: =IFERROR(__xludf.DUMMYFUNCTION("arrayformula( if( sum(J39:AN39 + 0), max( len( split( concatenate( left(J39:AN39) ), ""F"" ) ) ), ""0"" ) )"),"0") -> 0 | AS39: 15 | AT39: =AO39/AS39 -> 0
J40: FALSE | K40: FALSE | L40: FALSE | M40: FALSE | N40: FALSE | O40: FALSE | P40: FALSE | Q40: FALSE | R40: FALSE | S40: FALSE | T40: FALSE | U40: FALSE | V40: FALSE | W40: FALSE | X40: FALSE | Y40: FALSE | Z40: FALSE | AA40: FALSE | AB40: FALSE | AC40: FALSE | AD40: FALSE | AE40: FALSE | AF40: FALSE | AG40: FALSE | AH40: FALSE | AI40: FALSE | AJ40: FALSE | AK40: FALSE | AO40: =COUNTIF(J40:AN40, "TRUE") -> 0 | AQ40: =IFERROR(__xludf.DUMMYFUNCTION("if(iserror(match(true,J40:AN40,0)),0,len(index(split(substitute(substitute(join("","",J40:AN40)&"","",""TRUE,"",""x""),""FALSE,"","",""),"",""),,counta(split(substitute(substitute(join("","",J40:AN40)&"","",""TRUE,"",""x""),""FALSE,"","",""),"","")))))"),0.0) -> 0 | AR40: =IFERROR(__xludf.DUMMYFUNCTION("arrayformula( if( sum(J40:AN40 + 0), max( len( split( concatenate( left(J40:AN40) ), ""F"" ) ) ), ""0"" ) )"),"0") -> 0 | AS40: 15 | AT40: =AO40/AS40 -> 0
J41: FALSE | K41: FALSE | L41: FALSE | M41: FALSE | N41: FALSE | O41: FALSE | P41: FALSE | Q41: FALSE | R41: FALSE | S41: FALSE | T41: FALSE | U41: FALSE | V41: FALSE | W41: FALSE | X41: FALSE | Y41: FALSE | Z41: FALSE | AA41: FALSE | AB41: FALSE | AC41: FALSE | AD41: FALSE | AE41: FALSE | AF41: FALSE | AG41: FALSE | AH41: FALSE | AI41: FALSE | AJ41: FALSE | AK41: FALSE | AO41: =COUNTIF(J41:AN41, "TRUE") -> 0 | AQ41: =IFERROR(__xludf.DUMMYFUNCTION("if(iserror(match(true,J41:AN41,0)),0,len(index(split(substitute(substitute(join("","",J41:AN41)&"","",""TRUE,"",""x""),""FALSE,"","",""),"",""),,counta(split(substitute(substitute(join("","",J41:AN41)&"","",""TRUE,"",""x""),""FALSE,"","",""),"","")))))"),0.0) -> 0 | AR41: =IFERROR(__xludf.DUMMYFUNCTION("arrayformula( if( sum(J41:AN41 + 0), max( len( split( concatenate( left(J41:AN41) ), ""F"" ) ) ), ""0"" ) )"),"0") -> 0 | AS41: 15 | AT41: =AO41/AS41 -> 0
J42: FALSE | K42: FALSE | L42: FALSE | M42: FALSE | N42: FALSE | O42: FALSE | P42: FALSE | Q42: FALSE | R42: FALSE | S42: FALSE | T42: FALSE | U42: FALSE | V42: FALSE | W42: FALSE | X42: FALSE | Y42: FALSE | Z42: FALSE | AA42: FALSE | AB42: FALSE | AC42: FALSE | AD42: FALSE | AE42: FALSE | AF42: FALSE | AG42: FALSE | AH42: FALSE | AI42: FALSE | AJ42: FALSE | AK42: FALSE | AO42: =COUNTIF(J42:AN42, "TRUE") -> 0 | AQ42: =IFERROR(__xludf.DUMMYFUNCTION("if(iserror(match(true,J42:AN42,0)),0,len(index(split(substitute(substitute(join("","",J42:AN42)&"","",""TRUE,"",""x""),""FALSE,"","",""),"",""),,counta(split(substitute(substitute(join("","",J42:AN42)&"","",""TRUE,"",""x""),""FALSE,"","",""),"","")))))"),0.0) -> 0 | AR42: =IFERROR(__xludf.DUMMYFUNCTION("arrayformula( if( sum(J42:AN42 + 0), max( len( split( concatenate( left(J42:AN42) ), ""F"" ) ) ), ""0"" ) )"),"0") -> 0 | AS42: 15 | AT42: =AO42/AS42 -> 0
J43: FALSE | K43: FALSE | L43: FALSE | M43: FALSE | N43: FALSE | O43: FALSE | P43: FALSE | Q43: FALSE | R43: FALSE | S43: FALSE | T43: FALSE | U43: FALSE | V43: FALSE | W43: FALSE | X43: FALSE | Y43: FALSE | Z43: FALSE | AA43: FALSE | AB43: FALSE | AC43: FALSE | AD43: FALSE | AE43: FALSE | AF43: FALSE | AG43: FALSE | AH43: FALSE | AI43: FALSE | AJ43: FALSE | AK43: FALSE | AO43: =COUNTIF(J43:AN43, "TRUE") -> 0 | AQ43: =IFERROR(__xludf.DUMMYFUNCTION("if(iserror(match(true,J43:AN43,0)),0,len(index(split(substitute(substitute(join("","",J43:AN43)&"","",""TRUE,"",""x""),""FALSE,"","",""),"",""),,counta(split(substitute(substitute(join("","",J43:AN43)&"","",""TRUE,"",""x""),""FALSE,"","",""),"","")))))"),0.0) -> 0 | AR43: =IFERROR(__xludf.DUMMYFUNCTION("arrayformula( if( sum(J43:AN43 + 0), max( len( split( concatenate( left(J43:AN43) ), ""F"" ) ) ), ""0"" ) )"),"0") -> 0 | AS43: 15 | AT43: =AO43/AS43 -> 0
J44: FALSE | K44: FALSE | L44: FALSE | M44: FALSE | N44: FALSE | O44: FALSE | P44: FALSE | Q44: FALSE | R44: FALSE | S44: FALSE | T44: FALSE | U44: FALSE | V44: FALSE | W44: FALSE | X44: FALSE | Y44: FALSE | Z44: FALSE | AA44: FALSE | AB44: FALSE | AC44: FALSE | AD44: FALSE | AE44: FALSE | AF44: FALSE | AG44: FALSE | AH44: FALSE | AI44: FALSE | AJ44: FALSE | AK44: FALSE | AO44: =COUNTIF(J44:AN44, "TRUE") -> 0 | AQ44: =IFERROR(__xludf.DUMMYFUNCTION("if(iserror(match(true,J44:AN44,0)),0,len(index(split(substitute(substitute(join("","",J44:AN44)&"","",""TRUE,"",""x""),""FALSE,"","",""),"",""),,counta(split(substitute(substitute(join("","",J44:AN44)&"","",""TRUE,"",""x""),""FALSE,"","",""),"","")))))"),0.0) -> 0 | AR44: =IFERROR(__xludf.DUMMYFUNCTION("arrayformula( if( sum(J44:AN44 + 0), max( len( split( concatenate( left(J44:AN44) ), ""F"" ) ) ), ""0"" ) )"),"0") -> 0 | AS44: 15 | AT44: =AO44/AS44 -> 0
J45: FALSE | K45: FALSE | L45: FALSE | M45: FALSE | N45: FALSE | O45: FALSE | P45: FALSE | Q45: FALSE | R45: FALSE | S45: FALSE | T45: FALSE | U45: FALSE | V45: FALSE | W45: FALSE | X45: FALSE | Y45: FALSE | Z45: FALSE | AA45: FALSE | AB45: FALSE | AC45: FALSE | AD45: FALSE | AE45: FALSE | AF45: FALSE | AG45: FALSE | AH45: FALSE | AI45: FALSE | AJ45: FALSE | AK45: FALSE | AO45: =COUNTIF(J45:AN45, "TRUE") -> 0 | AQ45: =IFERROR(__xludf.DUMMYFUNCTION("if(iserror(match(true,J45:AN45,0)),0,len(index(split(substitute(substitute(join("","",J45:AN45)&"","",""TRUE,"",""x""),""FALSE,"","",""),"",""),,counta(split(substitute(substitute(join("","",J45:AN45)&"","",""TRUE,"",""x""),""FALSE,"","",""),"","")))))"),0.0) -> 0 | AR45: =IFERROR(__xludf.DUMMYFUNCTION("arrayformula( if( sum(J45:AN45 + 0), max( len( split( concatenate( left(J45:AN45) ), ""F"" ) ) ), ""0"" ) )"),"0") -> 0 | AS45: 15 | AT45: =AO45/AS45 -> 0
J46: {=IF(COUNTIF(J26:J45, "TRUE") = 1, Setup!$E$4, IF(COUNTIF(J26:J45, "TRUE") = 0, Setup!$E$3, IF(COUNTIF(J26:J45, "TRUE") = 2, Setup!$E$5, IF(COUNTIF(J26:J45, "TRUE") = 3, Setup!$E$6, IF(COUNTIF(J26:J45, "TRUE") = 4, Setup!$E$7, IF(COUNTIF(J26:J45, "TRUE") = 5, Setup!$E$8, IF(COUNTIF(J26:J45, "TRUE") >= 6, Setup!$E$9))) ))))} | K46: {=IF(COUNTIF(K26:K45, "TRUE") = 1, Setup!$E$4, IF(COUNTIF(K26:K45, "TRUE") = 0, Setup!$E$3, IF(COUNTIF(K26:K45, "TRUE") = 2, Setup!$E$5, IF(COUNTIF(K26:K45, "TRUE") = 3, Setup!$E$6, IF(COUNTIF(K26:K45, "TRUE") = 4, Setup!$E$7, IF(COUNTIF(K26:K45, "TRUE") = 5, Setup!$E$8, IF(COUNTIF(K26:K45, "TRUE") >= 6, Setup!$E$9))) ))))} | L46: {=IF(COUNTIF(L26:L45, "TRUE") = 1, Setup!$E$4, IF(COUNTIF(L26:L45, "TRUE") = 0, Setup!$E$3, IF(COUNTIF(L26:L45, "TRUE") = 2, Setup!$E$5, IF(COUNTIF(L26:L45, "TRUE") = 3, Setup!$E$6, IF(COUNTIF(L26:L45, "TRUE") = 4, Setup!$E$7, IF(COUNTIF(L26:L45, "TRUE") = 5, Setup!$E$8, IF(COUNTIF(L26:L45, "TRUE") >= 6, Setup!$E$9))) ))))} | M46: {=IF(COUNTIF(M26:M45, "TRUE") = 1, Setup!$E$4, IF(COUNTIF(M26:M45, "TRUE") = 0, Setup!$E$3, IF(COUNTIF(M26:M45, "TRUE") = 2, Setup!$E$5, IF(COUNTIF(M26:M45, "TRUE") = 3, Setup!$E$6, IF(COUNTIF(M26:M45, "TRUE") = 4, Setup!$E$7, IF(COUNTIF(M26:M45, "TRUE") = 5, Setup!$E$8, IF(COUNTIF(M26:M45, "TRUE") >= 6, Setup!$E$9))) ))))} | N46: {=IF(COUNTIF(N26:N45, "TRUE") = 1, Setup!$E$4, IF(COUNTIF(N26:N45, "TRUE") = 0, Setup!$E$3, IF(COUNTIF(N26:N45, "TRUE") = 2, Setup!$E$5, IF(COUNTIF(N26:N45, "TRUE") = 3, Setup!$E$6, IF(COUNTIF(N26:N45, "TRUE") = 4, Setup!$E$7, IF(COUNTIF(N26:N45, "TRUE") = 5, Setup!$E$8, IF(COUNTIF(N26:N45, "TRUE") >= 6, Setup!$E$9))) ))))} | O46: {=IF(COUNTIF(O26:O45, "TRUE") = 1, Setup!$E$4, IF(COUNTIF(O26:O45, "TRUE") = 0, Setup!$E$3, IF(COUNTIF(O26:O45, "TRUE") = 2, Setup!$E$5, IF(COUNTIF(O26:O45, "TRUE") = 3, Setup!$E$6, IF(COUNTIF(O26:O45, "TRUE") = 4, Setup!$E$7, IF(COUNTIF(O26:O45, "TRUE") = 5, Setup!$E$8, IF(COUNTIF(O26:O45, "TRUE") >= 6, Setup!$E$9))) ))))} | P46: {=IF(COUNTIF(P26:P45, "TRUE") = 1, Setup!$E$4, IF(COUNTIF(P26:P45, "TRUE") = 0, Setup!$E$3, IF(COUNTIF(P26:P45, "TRUE") = 2, Setup!$E$5, IF(COUNTIF(P26:P45, "TRUE") = 3, Setup!$E$6, IF(COUNTIF(P26:P45, "TRUE") = 4, Setup!$E$7, IF(COUNTIF(P26:P45, "TRUE") = 5, Setup!$E$8, IF(COUNTIF(P26:P45, "TRUE") >= 6, Setup!$E$9))) ))))} | Q46: {=IF(COUNTIF(Q26:Q45, "TRUE") = 1, Setup!$E$4, IF(COUNTIF(Q26:Q45, "TRUE") = 0, Setup!$E$3, IF(COUNTIF(Q26:Q45, "TRUE") = 2, Setup!$E$5, IF(COUNTIF(Q26:Q45, "TRUE") = 3, Setup!$E$6, IF(COUNTIF(Q26:Q45, "TRUE") = 4, Setup!$E$7, IF(COUNTIF(Q26:Q45, "TRUE") = 5, Setup!$E$8, IF(COUNTIF(Q26:Q45, "TRUE") >= 6, Setup!$E$9))) ))))} | ... AK46: {=IF(COUNTIF(AK26:AK45, "TRUE") = 1, Setup!$E$4, IF(COUNTIF(AK26:AK45, "TRUE") = 0, Setup!$E$3, IF(COUNTIF(AK26:AK45, "TRUE") = 2, Setup!$E$5, IF(COUNTIF(AK26:AK45, "TRUE") = 3, Setup!$E$6, IF(COUNTIF(AK26:AK45, "TRUE") = 4, Setup!$E$7, IF(COUNTIF(AK26:AK45, "TRUE") = 5, Setup!$E$8, IF(COUNTIF(AK26:AK45, "TRUE") >= 6, Setup!$E$9))) ))))} | AL46: {=IF(COUNTIF(AL26:AL31, "TRUE") = 1, Setup!$E$4, IF(COUNTIF(AL26:AL31, "TRUE") = 0, Setup!$E$3, IF(COUNTIF(AL26:AL31, "TRUE") = 2, Setup!$E$5, IF(COUNTIF(AL26:AL31, "TRUE") = 3, Setup!$E$6, IF(COUNTIF(AL26:AL31, "TRUE") = 4, Setup!$E$7, IF(COUNTIF(AL26:AL31, "TRUE") = 5, Setup!$E$8, IF(COUNTIF(AL26:AL31, "TRUE") = 6, Setup!$E$9))) ))))} | AM46: {=IF(COUNTIF(AM26:AM31, "TRUE") = 1, Setup!$E$4, IF(COUNTIF(AM26:AM31, "TRUE") = 0, Setup!$E$3, IF(COUNTIF(AM26:AM31, "TRUE") = 2, Setup!$E$5, IF(COUNTIF(AM26:AM31, "TRUE") = 3, Setup!$E$6, IF(COUNTIF(AM26:AM31, "TRUE") = 4, Setup!$E$7, IF(COUNTIF(AM26:AM31, "TRUE") = 5, Setup!$E$8, IF(COUNTIF(AM26:AM31, "TRUE") = 6, Setup!$E$9))) ))))} | AN46: {=IF(COUNTIF(AN26:AN31, "TRUE") = 1, Setup!$E$4, IF(COUNTIF(AN26:AN31, "TRUE") = 0, Setup!$E$3, IF(COUNTIF(AN26:AN31, "TRUE") = 2, Setup!$E$5, IF(COUNTIF(AN26:AN31, "TRUE") = 3, Setup!$E$6, IF(COUNTIF(AN26:AN31, "TRUE") = 4, Setup!$E$7, IF(COUNTIF(AN26:AN31, "TRUE") = 5, Setup!$E$8, IF(COUNTIF(AN26:AN31, "TRUE") = 6, Setup!$E$9))) ))))}
A47: 🦆 | B47: MARCH | I47: March | J47: {=DATE($D$1, MATCH(I47, {"January","February","March","April","May","June","July","August","September","October","November","December"}, 0), 1)} -> 46082 | K47: =J47+1 -> 46083 | L47: =K47+1 -> 46084 | M47: =L47+1 -> 46085 | N47: =M47+1 -> 46086 | O47: =N47+1 -> 46087 | P47: =O47+1 -> 46088 | Q47: =P47+1 -> 46089 | R47: =Q47+1 -> 46090 | ... AN47: =AM47+1 -> 46112 | AO47: TOTAL | AQ47: current streak 🔥 | AR47: longest streak😼 | AS47: Goal🔢 | AT47: Progress 📈
J48: =J47 -> 46082 | K48: =K47 -> 46083 | L48: =L47 -> 46084 | M48: =M47 -> 46085 | N48: =N47 -> 46086 | O48: =O47 -> 46087 | P48: =P47 -> 46088 | Q48: =Q47 -> 46089 | ... AN48: =AN47 -> 46112
B49: =IF($E$2="Monday", TEXT(TODAY()-WEEKDAY(TODAY(),2)+COLUMN(B49)-1,"ddd"), TEXT(TODAY()-WEEKDAY(TODAY(),1)+IF(COLUMN(B49)>1,COLUMN(B49)-1,7),"ddd")) -> Mon | C49: =IF($E$2="Monday", TEXT(TODAY()-WEEKDAY(TODAY(),2)+COLUMN(C49)-1,"ddd"), TEXT(TODAY()-WEEKDAY(TODAY(),1)+IF(COLUMN(C49)>1,COLUMN(C49)-1,7),"ddd")) -> Tue | D49: =IF($E$2="Monday", TEXT(TODAY()-WEEKDAY(TODAY(),2)+COLUMN(D49)-1,"ddd"), TEXT(TODAY()-WEEKDAY(TODAY(),1)+IF(COLUMN(D49)>1,COLUMN(D49)-1,7),"ddd")) -> Wed | E49: =IF($E$2="Monday", TEXT(TODAY()-WEEKDAY(TODAY(),2)+COLUMN(E49)-1,"ddd"), TEXT(TODAY()-WEEKDAY(TODAY(),1)+IF(COLUMN(E49)>1,COLUMN(E49)-1,7),"ddd")) -> Thu | F49: =IF($E$2="Monday", TEXT(TODAY()-WEEKDAY(TODAY(),2)+COLUMN(F49)-1,"ddd"), TEXT(TODAY()-WEEKDAY(TODAY(),1)+IF(COLUMN(F49)>1,COLUMN(F49)-1,7),"ddd")) -> Fri | G49: =IF($E$2="Monday", TEXT(TODAY()-WEEKDAY(TODAY(),2)+COLUMN(G49)-1,"ddd"), TEXT(TODAY()-WEEKDAY(TODAY(),1)+IF(COLUMN(G49)>1,COLUMN(G49)-1,7),"ddd")) -> Sat | H49: =IF($E$2="Monday", TEXT(TODAY()-WEEKDAY(TODAY(),2)+COLUMN(H49)-1,"ddd"), TEXT(TODAY()-WEEKDAY(TODAY(),1)+IF(COLUMN(H49)>1,COLUMN(H49)-1,7),"ddd")) -> Sun | I49: {=Setup!$B$3:$B$22} -> 🧘🏻‍♀️Yoga | J49: FALSE | K49: FALSE | L49: FALSE | M49: FALSE | N49: FALSE | O49: FALSE | P49: FALSE | Q49: FALSE | R49: FALSE | S49: FALSE | T49: FALSE | U49: FALSE | V49: FALSE | W49: FALSE | X49: FALSE | Y49: FALSE | Z49: FALSE | AA49: FALSE | AB49: FALSE | AC49: FALSE | AD49: FALSE | AE49: FALSE | AF49: FALSE | AG49: FALSE | AH49: FALSE | AI49: FALSE | AJ49: FALSE | AK49: FALSE | AL49: FALSE | AM49: FALSE | AN49: FALSE | AO49: =COUNTIF(J49:AN49, "TRUE") -> 0 | AQ49: =IFERROR(__xludf.DUMMYFUNCTION("if(iserror(match(true,J49:AN49,0)),0,len(index(split(substitute(substitute(join("","",J49:AN49)&"","",""TRUE,"",""x""),""FALSE,"","",""),"",""),,counta(split(substitute(substitute(join("","",J49:AN49)&"","",""TRUE,"",""x""),""FALSE,"","",""),"","")))))"),0.0) -> 0 | AR49: =IFERROR(__xludf.DUMMYFUNCTION("arrayformula( if( sum(J49:AN49 + 0), max( len( split( concatenate( left(J49:AN49) ), ""F"" ) ) ), ""0"" ) )"),"0") -> 0 | AS49: 15 | AT49: =AO49/AS49 -> 0
A50: =WEEKNUM(DATE($D$1, MONTH(I47 & 1), 1), 2) -> 9 | B50: {=IFERROR(DATE($D$1, 1, (A50-1)*7 + 2 - WEEKDAY(DATE($D$1, 1, 1) - MATCH(B49, {"Mon","Tue","Wed","Thu","Fri","Sat","Sun"}, 0))), "")} -> 46076 | C50: =B50+1 -> 46077 | D50: =C50+1 -> 46078 | E50: =D50+1 -> 46079 | F50: =E50+1 -> 46080 | G50: =F50+1 -> 46081 | H50: =G50+1 -> 46082 | I50: 🌜Meditate | J50: FALSE | K50: FALSE | L50: FALSE | M50: FALSE | N50: FALSE | O50: FALSE | P50: FALSE | Q50: FALSE | R50: FALSE | S50: FALSE | T50: FALSE | U50: FALSE | V50: FALSE | W50: FALSE | X50: FALSE | Y50: FALSE | Z50: FALSE | AA50: FALSE | AB50: FALSE | AC50: FALSE | AD50: FALSE | AE50: FALSE | AF50: FALSE | AG50: FALSE | AH50: FALSE | AI50: FALSE | AJ50: FALSE | AK50: FALSE | AL50: FALSE | AM50: FALSE | AN50: FALSE | AO50: =COUNTIF(J50:AN50, "TRUE") -> 0 | AQ50: =IFERROR(__xludf.DUMMYFUNCTION("if(iserror(match(true,J50:AN50,0)),0,len(index(split(substitute(substitute(join("","",J50:AN50)&"","",""TRUE,"",""x""),""FALSE,"","",""),"",""),,counta(split(substitute(substitute(join("","",J50:AN50)&"","",""TRUE,"",""x""),""FALSE,"","",""),"","")))))"),0.0) -> 0 | AR50: =IFERROR(__xludf.DUMMYFUNCTION("arrayformula( if( sum(J50:AN50 + 0), max( len( split( concatenate( left(J50:AN50) ), ""F"" ) ) ), ""0"" ) )"),"0") -> 0 | AS50: 20 | AT50: =AO50/AS50 -> 0
A51: =A50+1 -> 10 | B51: =H50+1 -> 46083 | C51: =B51+1 -> 46084 | D51: =C51+1 -> 46085 | E51: =D51+1 -> 46086 | F51: =E51+1 -> 46087 | G51: =F51+1 -> 46088 | H51: =G51+1 -> 46089 | I51: 🥝Eat Fruit | J51: FALSE | K51: FALSE | L51: FALSE | M51: FALSE | N51: FALSE | O51: FALSE | P51: FALSE | Q51: FALSE | R51: FALSE | S51: FALSE | T51: FALSE | U51: FALSE | V51: FALSE | W51: FALSE | X51: FALSE | Y51: FALSE | Z51: FALSE | AA51: FALSE | AB51: FALSE | AC51: FALSE | AD51: FALSE | AE51: FALSE | AF51: FALSE | AG51: FALSE | AH51: FALSE | AI51: FALSE | AJ51: FALSE | AK51: FALSE | AL51: FALSE | AM51: FALSE | AN51: FALSE | AO51: =COUNTIF(J51:AN51, "TRUE") -> 0 | AQ51: =IFERROR(__xludf.DUMMYFUNCTION("if(iserror(match(true,J51:AN51,0)),0,len(index(split(substitute(substitute(join("","",J51:AN51)&"","",""TRUE,"",""x""),""FALSE,"","",""),"",""),,counta(split(substitute(substitute(join("","",J51:AN51)&"","",""TRUE,"",""x""),""FALSE,"","",""),"","")))))"),0.0) -> 0 | AR51: =IFERROR(__xludf.DUMMYFUNCTION("arrayformula( if( sum(J51:AN51 + 0), max( len( split( concatenate( left(J51:AN51) ), ""F"" ) ) ), ""0"" ) )"),"0") -> 0 | AS51: 30 | AT51: =AO51/AS51 -> 0
A52: =A51+1 -> 11 | B52: =H51+1 -> 46090 | C52: =B52+1 -> 46091 | D52: =C52+1 -> 46092 | E52: =D52+1 -> 46093 | F52: =E52+1 -> 46094 | G52: =F52+1 -> 46095 | H52: =G52+1 -> 46096 | I52: 🚶🏽‍♀️10k Steps | J52: FALSE | K52: FALSE | L52: FALSE | M52: FALSE | N52: FALSE | O52: FALSE | P52: FALSE | Q52: FALSE | R52: FALSE | S52: FALSE | T52: FALSE | U52: FALSE | V52: FALSE | W52: FALSE | X52: FALSE | Y52: FALSE | Z52: FALSE | AA52: FALSE | AB52: FALSE | AC52: FALSE | AD52: FALSE | AE52: FALSE | AF52: FALSE | AG52: FALSE | AH52: FALSE | AI52: FALSE | AJ52: FALSE | AK52: FALSE | AL52: FALSE | AM52: FALSE | AN52: FALSE | AO52: =COUNTIF(J52:AN52, "TRUE") -> 0 | AQ52: =IFERROR(__xludf.DUMMYFUNCTION("if(iserror(match(true,J52:AN52,0)),0,len(index(split(substitute(substitute(join("","",J52:AN52)&"","",""TRUE,"",""x""),""FALSE,"","",""),"",""),,counta(split(substitute(substitute(join("","",J52:AN52)&"","",""TRUE,"",""x""),""FALSE,"","",""),"","")))))"),0.0) -> 0 | AR52: =IFERROR(__xludf.DUMMYFUNCTION("arrayformula( if( sum(J52:AN52 + 0), max( len( split( concatenate( left(J52:AN52) ), ""F"" ) ) ), ""0"" ) )"),"0") -> 0 | AS52: 20 | AT52: =AO52/AS52 -> 0
A53: =A52+1 -> 12 | B53: =H52+1 -> 46097 | C53: =B53+1 -> 46098 | D53: =C53+1 -> 46099 | E53: =D53+1 -> 46100 | F53: =E53+1 -> 46101 | G53: =F53+1 -> 46102 | H53: =G53+1 -> 46103 | I53: 💦2 L water | J53: FALSE | K53: FALSE | L53: FALSE | M53: FALSE | N53: FALSE | O53: FALSE | P53: FALSE | Q53: FALSE | R53: FALSE | S53: FALSE | T53: FALSE | U53: FALSE | V53: FALSE | W53: FALSE | X53: FALSE | Y53: FALSE | Z53: FALSE | AA53: FALSE | AB53: FALSE | AC53: FALSE | AD53: FALSE | AE53: FALSE | AF53: FALSE | AG53: FALSE | AH53: FALSE | AI53: FALSE | AJ53: FALSE | AK53: FALSE | AL53: FALSE | AM53: FALSE | AN53: FALSE | AO53: =COUNTIF(J53:AN53, "TRUE") -> 0 | AQ53: =IFERROR(__xludf.DUMMYFUNCTION("if(iserror(match(true,J53:AN53,0)),0,len(index(split(substitute(substitute(join("","",J53:AN53)&"","",""TRUE,"",""x""),""FALSE,"","",""),"",""),,counta(split(substitute(substitute(join("","",J53:AN53)&"","",""TRUE,"",""x""),""FALSE,"","",""),"","")))))"),0.0) -> 0 | AR53: =IFERROR(__xludf.DUMMYFUNCTION("arrayformula( if( sum(J53:AN53 + 0), max( len( split( concatenate( left(J53:AN53) ), ""F"" ) ) ), ""0"" ) )"),"0") -> 0 | AS53: 20 | AT53: =AO53/AS53 -> 0
A54: =A53+1 -> 13 | B54: =H53+1 -> 46104 | C54: =B54+1 -> 46105 | D54: =C54+1 -> 46106 | E54: =D54+1 -> 46107 | F54: =E54+1 -> 46108 | G54: =F54+1 -> 46109 | H54: =G54+1 -> 46110 | I54: 🏋🏾‍♂️Gym | J54: FALSE | K54: FALSE | L54: FALSE | M54: FALSE | N54: FALSE | O54: FALSE | P54: FALSE | Q54: FALSE | R54: FALSE | S54: FALSE | T54: FALSE | U54: FALSE | V54: FALSE | W54: FALSE | X54: FALSE | Y54: FALSE | Z54: FALSE | AA54: FALSE | AB54: FALSE | AC54: FALSE | AD54: FALSE | AE54: FALSE | AF54: FALSE | AG54: FALSE | AH54: FALSE | AI54: FALSE | AJ54: FALSE | AK54: FALSE | AL54: FALSE | AM54: FALSE | AN54: FALSE | AO54: =COUNTIF(J54:AN54, "TRUE") -> 0 | AQ54: =IFERROR(__xludf.DUMMYFUNCTION("if(iserror(match(true,J54:AN54,0)),0,len(index(split(substitute(substitute(join("","",J54:AN54)&"","",""TRUE,"",""x""),""FALSE,"","",""),"",""),,counta(split(substitute(substitute(join("","",J54:AN54)&"","",""TRUE,"",""x""),""FALSE,"","",""),"","")))))"),0.0) -> 0 | AR54: =IFERROR(__xludf.DUMMYFUNCTION("arrayformula( if( sum(J54:AN54 + 0), max( len( split( concatenate( left(J54:AN54) ), ""F"" ) ) ), ""0"" ) )"),"0") -> 0 | AS54: 15 | AT54: =AO54/AS54 -> 0
A55: =A54+1 -> 14 | B55: =H54+1 -> 46111 | C55: =B55+1 -> 46112 | D55: =C55+1 -> 46113 | E55: =D55+1 -> 46114 | F55: =E55+1 -> 46115 | G55: =F55+1 -> 46116 | H55: =G55+1 -> 46117 | J55: FALSE | K55: FALSE | L55: FALSE | M55: FALSE | N55: FALSE | O55: FALSE | P55: FALSE | Q55: FALSE | R55: FALSE | S55: FALSE | T55: FALSE | U55: FALSE | V55: FALSE | W55: FALSE | X55: FALSE | Y55: FALSE | Z55: FALSE | AA55: FALSE | AB55: FALSE | AC55: FALSE | AD55: FALSE | AE55: FALSE | AF55: FALSE | AG55: FALSE | AH55: FALSE | AI55: FALSE | AJ55: FALSE | AK55: FALSE | AL55: FALSE | AM55: FALSE | AN55: FALSE | AO55: =COUNTIF(J55:AN55, "TRUE") -> 0 | AQ55: =IFERROR(__xludf.DUMMYFUNCTION("if(iserror(match(true,J55:AN55,0)),0,len(index(split(substitute(substitute(join("","",J55:AN55)&"","",""TRUE,"",""x""),""FALSE,"","",""),"",""),,counta(split(substitute(substitute(join("","",J55:AN55)&"","",""TRUE,"",""x""),""FALSE,"","",""),"","")))))"),0.0) -> 0 | AR55: =IFERROR(__xludf.DUMMYFUNCTION("arrayformula( if( sum(J55:AN55 + 0), max( len( split( concatenate( left(J55:AN55) ), ""F"" ) ) ), ""0"" ) )"),"0") -> 0 | AS55: 15 | AT55: =AO55/AS55 -> 0
J56: FALSE | K56: FALSE | L56: FALSE | M56: FALSE | N56: FALSE | O56: FALSE | P56: FALSE | Q56: FALSE | R56: FALSE | S56: FALSE | T56: FALSE | U56: FALSE | V56: FALSE | W56: FALSE | X56: FALSE | Y56: FALSE | Z56: FALSE | AA56: FALSE | AB56: FALSE | AC56: FALSE | AD56: FALSE | AE56: FALSE | AF56: FALSE | AG56: FALSE | AH56: FALSE | AI56: FALSE | AJ56: FALSE | AK56: FALSE | AL56: FALSE | AM56: FALSE | AN56: FALSE | AO56: =COUNTIF(J56:AN56, "TRUE") -> 0 | AQ56: =IFERROR(__xludf.DUMMYFUNCTION("if(iserror(match(true,J56:AN56,0)),0,len(index(split(substitute(substitute(join("","",J56:AN56)&"","",""TRUE,"",""x""),""FALSE,"","",""),"",""),,counta(split(substitute(substitute(join("","",J56:AN56)&"","",""TRUE,"",""x""),""FALSE,"","",""),"","")))))"),0.0) -> 0 | AR56: =IFERROR(__xludf.DUMMYFUNCTION("arrayformula( if( sum(J56:AN56 + 0), max( len( split( concatenate( left(J56:AN56) ), ""F"" ) ) ), ""0"" ) )"),"0") -> 0 | AS56: 15 | AT56: =AO56/AS56 -> 0
J57: FALSE | K57: FALSE | L57: FALSE | M57: FALSE | N57: FALSE | O57: FALSE | P57: FALSE | Q57: FALSE | R57: FALSE | S57: FALSE | T57: FALSE | U57: FALSE | V57: FALSE | W57: FALSE | X57: FALSE | Y57: FALSE | Z57: FALSE | AA57: FALSE | AB57: FALSE | AC57: FALSE | AD57: FALSE | AE57: FALSE | AF57: FALSE | AG57: FALSE | AH57: FALSE | AI57: FALSE | AJ57: FALSE | AK57: FALSE | AL57: FALSE | AM57: FALSE | AN57: FALSE | AO57: =COUNTIF(J57:AN57, "TRUE") -> 0 | AQ57: =IFERROR(__xludf.DUMMYFUNCTION("if(iserror(match(true,J57:AN57,0)),0,len(index(split(substitute(substitute(join("","",J57:AN57)&"","",""TRUE,"",""x""),""FALSE,"","",""),"",""),,counta(split(substitute(substitute(join("","",J57:AN57)&"","",""TRUE,"",""x""),""FALSE,"","",""),"","")))))"),0.0) -> 0 | AR57: =IFERROR(__xludf.DUMMYFUNCTION("arrayformula( if( sum(J57:AN57 + 0), max( len( split( concatenate( left(J57:AN57) ), ""F"" ) ) ), ""0"" ) )"),"0") -> 0 | AS57: 15 | AT57: =AO57/AS57 -> 0
J58: FALSE | K58: FALSE | L58: FALSE | M58: FALSE | N58: FALSE | O58: FALSE | P58: FALSE | Q58: FALSE | R58: FALSE | S58: FALSE | T58: FALSE | U58: FALSE | V58: FALSE | W58: FALSE | X58: FALSE | Y58: FALSE | Z58: FALSE | AA58: FALSE | AB58: FALSE | AC58: FALSE | AD58: FALSE | AE58: FALSE | AF58: FALSE | AG58: FALSE | AH58: FALSE | AI58: FALSE | AJ58: FALSE | AK58: FALSE | AL58: FALSE | AM58: FALSE | AN58: FALSE | AO58: =COUNTIF(J58:AN58, "TRUE") -> 0 | AQ58: =IFERROR(__xludf.DUMMYFUNCTION("if(iserror(match(true,J58:AN58,0)),0,len(index(split(substitute(substitute(join("","",J58:AN58)&"","",""TRUE,"",""x""),""FALSE,"","",""),"",""),,counta(split(substitute(substitute(join("","",J58:AN58)&"","",""TRUE,"",""x""),""FALSE,"","",""),"","")))))"),0.0) -> 0 | AR58: =IFERROR(__xludf.DUMMYFUNCTION("arrayformula( if( sum(J58:AN58 + 0), max( len( split( concatenate( left(J58:AN58) ), ""F"" ) ) ), ""0"" ) )"),"0") -> 0 | AS58: 15 | AT58: =AO58/AS58 -> 0
J59: FALSE | K59: FALSE | L59: FALSE | M59: FALSE | N59: FALSE | O59: FALSE | P59: FALSE | Q59: FALSE | R59: FALSE | S59: FALSE | T59: FALSE | U59: FALSE | V59: FALSE | W59: FALSE | X59: FALSE | Y59: FALSE | Z59: FALSE | AA59: FALSE | AB59: FALSE | AC59: FALSE | AD59: FALSE | AE59: FALSE | AF59: FALSE | AG59: FALSE | AH59: FALSE | AI59: FALSE | AJ59: FALSE | AK59: FALSE | AL59: FALSE | AM59: FALSE | AN59: FALSE | AO59: =COUNTIF(J59:AN59, "TRUE") -> 0 | AQ59: =IFERROR(__xludf.DUMMYFUNCTION("if(iserror(match(true,J59:AN59,0)),0,len(index(split(substitute(substitute(join("","",J59:AN59)&"","",""TRUE,"",""x""),""FALSE,"","",""),"",""),,counta(split(substitute(substitute(join("","",J59:AN59)&"","",""TRUE,"",""x""),""FALSE,"","",""),"","")))))"),0.0) -> 0 | AR59: =IFERROR(__xludf.DUMMYFUNCTION("arrayformula( if( sum(J59:AN59 + 0), max( len( split( concatenate( left(J59:AN59) ), ""F"" ) ) ), ""0"" ) )"),"0") -> 0 | AS59: 15 | AT59: =AO59/AS59 -> 0
J60: FALSE | K60: FALSE | L60: FALSE | M60: FALSE | N60: FALSE | O60: FALSE | P60: FALSE | Q60: FALSE | R60: FALSE | S60: FALSE | T60: FALSE | U60: FALSE | V60: FALSE | W60: FALSE | X60: FALSE | Y60: FALSE | Z60: FALSE | AA60: FALSE | AB60: FALSE | AC60: FALSE | AD60: FALSE | AE60: FALSE | AF60: FALSE | AG60: FALSE | AH60: FALSE | AI60: FALSE | AJ60: FALSE | AK60: FALSE | AL60: FALSE | AM60: FALSE | AN60: FALSE | AO60: =COUNTIF(J60:AN60, "TRUE") -> 0 | AQ60: =IFERROR(__xludf.DUMMYFUNCTION("if(iserror(match(true,J60:AN60,0)),0,len(index(split(substitute(substitute(join("","",J60:AN60)&"","",""TRUE,"",""x""),""FALSE,"","",""),"",""),,counta(split(substitute(substitute(join("","",J60:AN60)&"","",""TRUE,"",""x""),""FALSE,"","",""),"","")))))"),0.0) -> 0 | AR60: =IFERROR(__xludf.DUMMYFUNCTION("arrayformula( if( sum(J60:AN60 + 0), max( len( split( concatenate( left(J60:AN60) ), ""F"" ) ) ), ""0"" ) )"),"0") -> 0 | AS60: 15 | AT60: =AO60/AS60 -> 0
J61: FALSE | K61: FALSE | L61: FALSE | M61: FALSE | N61: FALSE | O61: FALSE | P61: FALSE | Q61: FALSE | R61: FALSE | S61: FALSE | T61: FALSE | U61: FALSE | V61: FALSE | W61: FALSE | X61: FALSE | Y61: FALSE | Z61: FALSE | AA61: FALSE | AB61: FALSE | AC61: FALSE | AD61: FALSE | AE61: FALSE | AF61: FALSE | AG61: FALSE | AH61: FALSE | AI61: FALSE | AJ61: FALSE | AK61: FALSE | AL61: FALSE | AM61: FALSE | AN61: FALSE | AO61: =COUNTIF(J61:AN61, "TRUE") -> 0 | AQ61: =IFERROR(__xludf.DUMMYFUNCTION("if(iserror(match(true,J61:AN61,0)),0,len(index(split(substitute(substitute(join("","",J61:AN61)&"","",""TRUE,"",""x""),""FALSE,"","",""),"",""),,counta(split(substitute(substitute(join("","",J61:AN61)&"","",""TRUE,"",""x""),""FALSE,"","",""),"","")))))"),0.0) -> 0 | AR61: =IFERROR(__xludf.DUMMYFUNCTION("arrayformula( if( sum(J61:AN61 + 0), max( len( split( concatenate( left(J61:AN61) ), ""F"" ) ) ), ""0"" ) )"),"0") -> 0 | AS61: 15 | AT61: =AO61/AS61 -> 0
J62: FALSE | K62: FALSE | L62: FALSE | M62: FALSE | N62: FALSE | O62: FALSE | P62: FALSE | Q62: FALSE | R62: FALSE | S62: FALSE | T62: FALSE | U62: FALSE | V62: FALSE | W62: FALSE | X62: FALSE | Y62: FALSE | Z62: FALSE | AA62: FALSE | AB62: FALSE | AC62: FALSE | AD62: FALSE | AE62: FALSE | AF62: FALSE | AG62: FALSE | AH62: FALSE | AI62: FALSE | AJ62: FALSE | AK62: FALSE | AL62: FALSE | AM62: FALSE | AN62: FALSE | AO62: =COUNTIF(J62:AN62, "TRUE") -> 0 | AQ62: =IFERROR(__xludf.DUMMYFUNCTION("if(iserror(match(true,J62:AN62,0)),0,len(index(split(substitute(substitute(join("","",J62:AN62)&"","",""TRUE,"",""x""),""FALSE,"","",""),"",""),,counta(split(substitute(substitute(join("","",J62:AN62)&"","",""TRUE,"",""x""),""FALSE,"","",""),"","")))))"),0.0) -> 0 | AR62: =IFERROR(__xludf.DUMMYFUNCTION("arrayformula( if( sum(J62:AN62 + 0), max( len( split( concatenate( left(J62:AN62) ), ""F"" ) ) ), ""0"" ) )"),"0") -> 0 | AS62: 15 | AT62: =AO62/AS62 -> 0
J63: FALSE | K63: FALSE | L63: FALSE | M63: FALSE | N63: FALSE | O63: FALSE | P63: FALSE | Q63: FALSE | R63: FALSE | S63: FALSE | T63: FALSE | U63: FALSE | V63: FALSE | W63: FALSE | X63: FALSE | Y63: FALSE | Z63: FALSE | AA63: FALSE | AB63: FALSE | AC63: FALSE | AD63: FALSE | AE63: FALSE | AF63: FALSE | AG63: FALSE | AH63: FALSE | AI63: FALSE | AJ63: FALSE | AK63: FALSE | AL63: FALSE | AM63: FALSE | AN63: FALSE | AO63: =COUNTIF(J63:AN63, "TRUE") -> 0 | AQ63: =IFERROR(__xludf.DUMMYFUNCTION("if(iserror(match(true,J63:AN63,0)),0,len(index(split(substitute(substitute(join("","",J63:AN63)&"","",""TRUE,"",""x""),""FALSE,"","",""),"",""),,counta(split(substitute(substitute(join("","",J63:AN63)&"","",""TRUE,"",""x""),""FALSE,"","",""),"","")))))"),0.0) -> 0 | AR63: =IFERROR(__xludf.DUMMYFUNCTION("arrayformula( if( sum(J63:AN63 + 0), max( len( split( concatenate( left(J63:AN63) ), ""F"" ) ) ), ""0"" ) )"),"0") -> 0 | AS63: 15 | AT63: =AO63/AS63 -> 0
J64: FALSE | K64: FALSE | L64: FALSE | M64: FALSE | N64: FALSE | O64: FALSE | P64: FALSE | Q64: FALSE | R64: FALSE | S64: FALSE | T64: FALSE | U64: FALSE | V64: FALSE | W64: FALSE | X64: FALSE | Y64: FALSE | Z64: FALSE | AA64: FALSE | AB64: FALSE | AC64: FALSE | AD64: FALSE | AE64: FALSE | AF64: FALSE | AG64: FALSE | AH64: FALSE | AI64: FALSE | AJ64: FALSE | AK64: FALSE | AL64: FALSE | AM64: FALSE | AN64: FALSE | AO64: =COUNTIF(J64:AN64, "TRUE") -> 0 | AQ64: =IFERROR(__xludf.DUMMYFUNCTION("if(iserror(match(true,J64:AN64,0)),0,len(index(split(substitute(substitute(join("","",J64:AN64)&"","",""TRUE,"",""x""),""FALSE,"","",""),"",""),,counta(split(substitute(substitute(join("","",J64:AN64)&"","",""TRUE,"",""x""),""FALSE,"","",""),"","")))))"),0.0) -> 0 | AR64: =IFERROR(__xludf.DUMMYFUNCTION("arrayformula( if( sum(J64:AN64 + 0), max( len( split( concatenate( left(J64:AN64) ), ""F"" ) ) ), ""0"" ) )"),"0") -> 0 | AS64: 15 | AT64: =AO64/AS64 -> 0
J65: FALSE | K65: FALSE | L65: FALSE | M65: FALSE | N65: FALSE | O65: FALSE | P65: FALSE | Q65: FALSE | R65: FALSE | S65: FALSE | T65: FALSE | U65: FALSE | V65: FALSE | W65: FALSE | X65: FALSE | Y65: FALSE | Z65: FALSE | AA65: FALSE | AB65: FALSE | AC65: FALSE | AD65: FALSE | AE65: FALSE | AF65: FALSE | AG65: FALSE | AH65: FALSE | AI65: FALSE | AJ65: FALSE | AK65: FALSE | AL65: FALSE | AM65: FALSE | AN65: FALSE | AO65: =COUNTIF(J65:AN65, "TRUE") -> 0 | AQ65: =IFERROR(__xludf.DUMMYFUNCTION("if(iserror(match(true,J65:AN65,0)),0,len(index(split(substitute(substitute(join("","",J65:AN65)&"","",""TRUE,"",""x""),""FALSE,"","",""),"",""),,counta(split(substitute(substitute(join("","",J65:AN65)&"","",""TRUE,"",""x""),""FALSE,"","",""),"","")))))"),0.0) -> 0 | AR65: =IFERROR(__xludf.DUMMYFUNCTION("arrayformula( if( sum(J65:AN65 + 0), max( len( split( concatenate( left(J65:AN65) ), ""F"" ) ) ), ""0"" ) )"),"0") -> 0 | AS65: 15 | AT65: =AO65/AS65 -> 0
J66: FALSE | K66: FALSE | L66: FALSE | M66: FALSE | N66: FALSE | O66: FALSE | P66: FALSE | Q66: FALSE | R66: FALSE | S66: FALSE | T66: FALSE | U66: FALSE | V66: FALSE | W66: FALSE | X66: FALSE | Y66: FALSE | Z66: FALSE | AA66: FALSE | AB66: FALSE | AC66: FALSE | AD66: FALSE | AE66: FALSE | AF66: FALSE | AG66: FALSE | AH66: FALSE | AI66: FALSE | AJ66: FALSE | AK66: FALSE | AL66: FALSE | AM66: FALSE | AN66: FALSE | AO66: =COUNTIF(J66:AN66, "TRUE") -> 0 | AQ66: =IFERROR(__xludf.DUMMYFUNCTION("if(iserror(match(true,J66:AN66,0)),0,len(index(split(substitute(substitute(join("","",J66:AN66)&"","",""TRUE,"",""x""),""FALSE,"","",""),"",""),,counta(split(substitute(substitute(join("","",J66:AN66)&"","",""TRUE,"",""x""),""FALSE,"","",""),"","")))))"),0.0) -> 0 | AR66: =IFERROR(__xludf.DUMMYFUNCTION("arrayformula( if( sum(J66:AN66 + 0), max( len( split( concatenate( left(J66:AN66) ), ""F"" ) ) ), ""0"" ) )"),"0") -> 0 | AS66: 15 | AT66: =AO66/AS66 -> 0
J67: FALSE | K67: FALSE | L67: FALSE | M67: FALSE | N67: FALSE | O67: FALSE | P67: FALSE | Q67: FALSE | R67: FALSE | S67: FALSE | T67: FALSE | U67: FALSE | V67: FALSE | W67: FALSE | X67: FALSE | Y67: FALSE | Z67: FALSE | AA67: FALSE | AB67: FALSE | AC67: FALSE | AD67: FALSE | AE67: FALSE | AF67: FALSE | AG67: FALSE | AH67: FALSE | AI67: FALSE | AJ67: FALSE | AK67: FALSE | AL67: FALSE | AM67: FALSE | AN67: FALSE | AO67: =COUNTIF(J67:AN67, "TRUE") -> 0 | AQ67: =IFERROR(__xludf.DUMMYFUNCTION("if(iserror(match(true,J67:AN67,0)),0,len(index(split(substitute(substitute(join("","",J67:AN67)&"","",""TRUE,"",""x""),""FALSE,"","",""),"",""),,counta(split(substitute(substitute(join("","",J67:AN67)&"","",""TRUE,"",""x""),""FALSE,"","",""),"","")))))"),0.0) -> 0 | AR67: =IFERROR(__xludf.DUMMYFUNCTION("arrayformula( if( sum(J67:AN67 + 0), max( len( split( concatenate( left(J67:AN67) ), ""F"" ) ) ), ""0"" ) )"),"0") -> 0 | AS67: 15 | AT67: =AO67/AS67 -> 0
J68: FALSE | K68: FALSE | L68: FALSE | M68: FALSE | N68: FALSE | O68: FALSE | P68: FALSE | Q68: FALSE | R68: FALSE | S68: FALSE | T68: FALSE | U68: FALSE | V68: FALSE | W68: FALSE | X68: FALSE | Y68: FALSE | Z68: FALSE | AA68: FALSE | AB68: FALSE | AC68: FALSE | AD68: FALSE | AE68: FALSE | AF68: FALSE | AG68: FALSE | AH68: FALSE | AI68: FALSE | AJ68: FALSE | AK68: FALSE | AL68: FALSE | AM68: FALSE | AN68: FALSE | AO68: =COUNTIF(J68:AN68, "TRUE") -> 0 | AQ68: =IFERROR(__xludf.DUMMYFUNCTION("if(iserror(match(true,J68:AN68,0)),0,len(index(split(substitute(substitute(join("","",J68:AN68)&"","",""TRUE,"",""x""),""FALSE,"","",""),"",""),,counta(split(substitute(substitute(join("","",J68:AN68)&"","",""TRUE,"",""x""),""FALSE,"","",""),"","")))))"),0.0) -> 0 | AR68: =IFERROR(__xludf.DUMMYFUNCTION("arrayformula( if( sum(J68:AN68 + 0), max( len( split( concatenate( left(J68:AN68) ), ""F"" ) ) ), ""0"" ) )"),"0") -> 0 | AS68: 15 | AT68: =AO68/AS68 -> 0
J69: {=IF(COUNTIF(J49:J68, "TRUE") = 1, Setup!$E$4, IF(COUNTIF(J49:J68, "TRUE") = 0, Setup!$E$3, IF(COUNTIF(J49:J68, "TRUE") = 2, Setup!$E$5, IF(COUNTIF(J49:J68, "TRUE") = 3, Setup!$E$6, IF(COUNTIF(J49:J68, "TRUE") = 4, Setup!$E$7, IF(COUNTIF(J49:J68, "TRUE") = 5, Setup!$E$8, IF(COUNTIF(J49:J68, "TRUE") >= 6, Setup!$E$9))) ))))} | K69: {=IF(COUNTIF(K49:K68, "TRUE") = 1, Setup!$E$4, IF(COUNTIF(K49:K68, "TRUE") = 0, Setup!$E$3, IF(COUNTIF(K49:K68, "TRUE") = 2, Setup!$E$5, IF(COUNTIF(K49:K68, "TRUE") = 3, Setup!$E$6, IF(COUNTIF(K49:K68, "TRUE") = 4, Setup!$E$7, IF(COUNTIF(K49:K68, "TRUE") = 5, Setup!$E$8, IF(COUNTIF(K49:K68, "TRUE") >= 6, Setup!$E$9))) ))))} | L69: {=IF(COUNTIF(L49:L68, "TRUE") = 1, Setup!$E$4, IF(COUNTIF(L49:L68, "TRUE") = 0, Setup!$E$3, IF(COUNTIF(L49:L68, "TRUE") = 2, Setup!$E$5, IF(COUNTIF(L49:L68, "TRUE") = 3, Setup!$E$6, IF(COUNTIF(L49:L68, "TRUE") = 4, Setup!$E$7, IF(COUNTIF(L49:L68, "TRUE") = 5, Setup!$E$8, IF(COUNTIF(L49:L68, "TRUE") >= 6, Setup!$E$9))) ))))} | M69: {=IF(COUNTIF(M49:M68, "TRUE") = 1, Setup!$E$4, IF(COUNTIF(M49:M68, "TRUE") = 0, Setup!$E$3, IF(COUNTIF(M49:M68, "TRUE") = 2, Setup!$E$5, IF(COUNTIF(M49:M68, "TRUE") = 3, Setup!$E$6, IF(COUNTIF(M49:M68, "TRUE") = 4, Setup!$E$7, IF(COUNTIF(M49:M68, "TRUE") = 5, Setup!$E$8, IF(COUNTIF(M49:M68, "TRUE") >= 6, Setup!$E$9))) ))))} | N69: {=IF(COUNTIF(N49:N68, "TRUE") = 1, Setup!$E$4, IF(COUNTIF(N49:N68, "TRUE") = 0, Setup!$E$3, IF(COUNTIF(N49:N68, "TRUE") = 2, Setup!$E$5, IF(COUNTIF(N49:N68, "TRUE") = 3, Setup!$E$6, IF(COUNTIF(N49:N68, "TRUE") = 4, Setup!$E$7, IF(COUNTIF(N49:N68, "TRUE") = 5, Setup!$E$8, IF(COUNTIF(N49:N68, "TRUE") >= 6, Setup!$E$9))) ))))} | O69: {=IF(COUNTIF(O49:O68, "TRUE") = 1, Setup!$E$4, IF(COUNTIF(O49:O68, "TRUE") = 0, Setup!$E$3, IF(COUNTIF(O49:O68, "TRUE") = 2, Setup!$E$5, IF(COUNTIF(O49:O68, "TRUE") = 3, Setup!$E$6, IF(COUNTIF(O49:O68, "TRUE") = 4, Setup!$E$7, IF(COUNTIF(O49:O68, "TRUE") = 5, Setup!$E$8, IF(COUNTIF(O49:O68, "TRUE") >= 6, Setup!$E$9))) ))))} | P69: {=IF(COUNTIF(P49:P68, "TRUE") = 1, Setup!$E$4, IF(COUNTIF(P49:P68, "TRUE") = 0, Setup!$E$3, IF(COUNTIF(P49:P68, "TRUE") = 2, Setup!$E$5, IF(COUNTIF(P49:P68, "TRUE") = 3, Setup!$E$6, IF(COUNTIF(P49:P68, "TRUE") = 4, Setup!$E$7, IF(COUNTIF(P49:P68, "TRUE") = 5, Setup!$E$8, IF(COUNTIF(P49:P68, "TRUE") >= 6, Setup!$E$9))) ))))} | Q69: {=IF(COUNTIF(Q49:Q68, "TRUE") = 1, Setup!$E$4, IF(COUNTIF(Q49:Q68, "TRUE") = 0, Setup!$E$3, IF(COUNTIF(Q49:Q68, "TRUE") = 2, Setup!$E$5, IF(COUNTIF(Q49:Q68, "TRUE") = 3, Setup!$E$6, IF(COUNTIF(Q49:Q68, "TRUE") = 4, Setup!$E$7, IF(COUNTIF(Q49:Q68, "TRUE") = 5, Setup!$E$8, IF(COUNTIF(Q49:Q68, "TRUE") >= 6, Setup!$E$9))) ))))} | ... AN69: {=IF(COUNTIF(AN49:AN68, "TRUE") = 1, Setup!$E$4, IF(COUNTIF(AN49:AN68, "TRUE") = 0, Setup!$E$3, IF(COUNTIF(AN49:AN68, "TRUE") = 2, Setup!$E$5, IF(COUNTIF(AN49:AN68, "TRUE") = 3, Setup!$E$6, IF(COUNTIF(AN49:AN68, "TRUE") = 4, Setup!$E$7, IF(COUNTIF(AN49:AN68, "TRUE") = 5, Setup!$E$8, IF(COUNTIF(AN49:AN68, "TRUE") >= 6, Setup!$E$9))) ))))}
A70: 🐇 | B70: APRIL | I70: April | J70: {=DATE($D$1, MATCH(I70, {"January","February","March","April","May","June","July","August","September","October","November","December"}, 0), 1)} -> 46113 | K70: =J70+1 -> 46114 | L70: =K70+1 -> 46115 | M70: =L70+1 -> 46116 | N70: =M70+1 -> 46117 | O70: =N70+1 -> 46118 | P70: =O70+1 -> 46119 | Q70: =P70+1 -> 46120 | R70: =Q70+1 -> 46121 | ... AM70: =AL70+1 -> 46142 | AO70: TOTAL | AQ70: current streak 🔥 | AR70: longest streak😼 | AS70: Goal🔢 | AT70: Progress 📈
J71: =J70 -> 46113 | K71: =K70 -> 46114 | L71: =L70 -> 46115 | M71: =M70 -> 46116 | N71: =N70 -> 46117 | O71: =O70 -> 46118 | P71: =P70 -> 46119 | Q71: =Q70 -> 46120 | ... AN71: =AN70
B72: =IF($E$2="Monday", TEXT(TODAY()-WEEKDAY(TODAY(),2)+COLUMN(B72)-1,"ddd"), TEXT(TODAY()-WEEKDAY(TODAY(),1)+IF(COLUMN(B72)>1,COLUMN(B72)-1,7),"ddd")) -> Mon | C72: =IF($E$2="Monday", TEXT(TODAY()-WEEKDAY(TODAY(),2)+COLUMN(C72)-1,"ddd"), TEXT(TODAY()-WEEKDAY(TODAY(),1)+IF(COLUMN(C72)>1,COLUMN(C72)-1,7),"ddd")) -> Tue | D72: =IF($E$2="Monday", TEXT(TODAY()-WEEKDAY(TODAY(),2)+COLUMN(D72)-1,"ddd"), TEXT(TODAY()-WEEKDAY(TODAY(),1)+IF(COLUMN(D72)>1,COLUMN(D72)-1,7),"ddd")) -> Wed | E72: =IF($E$2="Monday", TEXT(TODAY()-WEEKDAY(TODAY(),2)+COLUMN(E72)-1,"ddd"), TEXT(TODAY()-WEEKDAY(TODAY(),1)+IF(COLUMN(E72)>1,COLUMN(E72)-1,7),"ddd")) -> Thu | F72: =IF($E$2="Monday", TEXT(TODAY()-WEEKDAY(TODAY(),2)+COLUMN(F72)-1,"ddd"), TEXT(TODAY()-WEEKDAY(TODAY(),1)+IF(COLUMN(F72)>1,COLUMN(F72)-1,7),"ddd")) -> Fri | G72: =IF($E$2="Monday", TEXT(TODAY()-WEEKDAY(TODAY(),2)+COLUMN(G72)-1,"ddd"), TEXT(TODAY()-WEEKDAY(TODAY(),1)+IF(COLUMN(G72)>1,COLUMN(G72)-1,7),"ddd")) -> Sat | H72: =IF($E$2="Monday", TEXT(TODAY()-WEEKDAY(TODAY(),2)+COLUMN(H72)-1,"ddd"), TEXT(TODAY()-WEEKDAY(TODAY(),1)+IF(COLUMN(H72)>1,COLUMN(H72)-1,7),"ddd")) -> Sun | I72: {=Setup!$B$3:$B$22} -> 🧘🏻‍♀️Yoga | J72: FALSE | K72: FALSE | L72: FALSE | M72: FALSE | N72: FALSE | O72: FALSE | P72: FALSE | Q72: FALSE | R72: FALSE | S72: FALSE | T72: FALSE | U72: FALSE | V72: FALSE | W72: FALSE | X72: FALSE | Y72: FALSE | Z72: FALSE | AA72: FALSE | AB72: FALSE | AC72: FALSE | AD72: FALSE | AE72: FALSE | AF72: FALSE | AG72: FALSE | AH72: FALSE | AI72: FALSE | AJ72: FALSE | AK72: FALSE | AL72: FALSE | AM72: FALSE | AN72: FALSE | AO72: =COUNTIF(J72:AN72, "TRUE") -> 0 | AQ72: =IFERROR(__xludf.DUMMYFUNCTION("if(iserror(match(true,J72:AN72,0)),0,len(index(split(substitute(substitute(join("","",J72:AN72)&"","",""TRUE,"",""x""),""FALSE,"","",""),"",""),,counta(split(substitute(substitute(join("","",J72:AN72)&"","",""TRUE,"",""x""),""FALSE,"","",""),"","")))))"),0.0) -> 0 | AR72: =IFERROR(__xludf.DUMMYFUNCTION("arrayformula( if( sum(J72:AN72 + 0), max( len( split( concatenate( left(J72:AN72) ), ""F"" ) ) ), ""0"" ) )"),"0") -> 0 | AS72: 15 | AT72: =AO72/AS72 -> 0
A73: =WEEKNUM(DATE($D$1, MONTH(I70 & 1), 1), 2) -> 14 | B73: {=IFERROR(DATE($D$1, 1, (A73-1)*7 + 2 - WEEKDAY(DATE($D$1, 1, 1) - MATCH(B72, {"Mon","Tue","Wed","Thu","Fri","Sat","Sun"}, 0))), "")} -> 46111 | C73: =B73+1 -> 46112 | D73: =C73+1 -> 46113 | E73: =D73+1 -> 46114 | F73: =E73+1 -> 46115 | G73: =F73+1 -> 46116 | H73: =G73+1 -> 46117 | I73: 🌜Meditate | J73: FALSE | K73: FALSE | L73: FALSE | M73: FALSE | N73: FALSE | O73: FALSE | P73: FALSE | Q73: FALSE | R73: FALSE | S73: FALSE | T73: FALSE | U73: FALSE | V73: FALSE | W73: FALSE | X73: FALSE | Y73: FALSE | Z73: FALSE | AA73: FALSE | AB73: FALSE | AC73: FALSE | AD73: FALSE | AE73: FALSE | AF73: FALSE | AG73: FALSE | AH73: FALSE | AI73: FALSE | AJ73: FALSE | AK73: FALSE | AL73: FALSE | AM73: FALSE | AN73: FALSE | AO73: =COUNTIF(J73:AN73, "TRUE") -> 0 | AQ73: =IFERROR(__xludf.DUMMYFUNCTION("if(iserror(match(true,J73:AN73,0)),0,len(index(split(substitute(substitute(join("","",J73:AN73)&"","",""TRUE,"",""x""),""FALSE,"","",""),"",""),,counta(split(substitute(substitute(join("","",J73:AN73)&"","",""TRUE,"",""x""),""FALSE,"","",""),"","")))))"),0.0) -> 0 | AR73: =IFERROR(__xludf.DUMMYFUNCTION("arrayformula( if( sum(J73:AN73 + 0), max( len( split( concatenate( left(J73:AN73) ), ""F"" ) ) ), ""0"" ) )"),"0") -> 0 | AS73: 20 | AT73: =AO73/AS73 -> 0
A74: =A73+1 -> 15 | B74: =H73+1 -> 46118 | C74: =B74+1 -> 46119 | D74: =C74+1 -> 46120 | E74: =D74+1 -> 46121 | F74: =E74+1 -> 46122 | G74: =F74+1 -> 46123 | H74: =G74+1 -> 46124 | I74: 🥝Eat Fruit | J74: FALSE | K74: FALSE | L74: FALSE | M74: FALSE | N74: FALSE | O74: FALSE | P74: FALSE | Q74: FALSE | R74: FALSE | S74: FALSE | T74: FALSE | U74: FALSE | V74: FALSE | W74: FALSE | X74: FALSE | Y74: FALSE | Z74: FALSE | AA74: FALSE | AB74: FALSE | AC74: FALSE | AD74: FALSE | AE74: FALSE | AF74: FALSE | AG74: FALSE | AH74: FALSE | AI74: FALSE | AJ74: FALSE | AK74: FALSE | AL74: FALSE | AM74: FALSE | AN74: FALSE | AO74: =COUNTIF(J74:AN74, "TRUE") -> 0 | AQ74: =IFERROR(__xludf.DUMMYFUNCTION("if(iserror(match(true,J74:AN74,0)),0,len(index(split(substitute(substitute(join("","",J74:AN74)&"","",""TRUE,"",""x""),""FALSE,"","",""),"",""),,counta(split(substitute(substitute(join("","",J74:AN74)&"","",""TRUE,"",""x""),""FALSE,"","",""),"","")))))"),0.0) -> 0 | AR74: =IFERROR(__xludf.DUMMYFUNCTION("arrayformula( if( sum(J74:AN74 + 0), max( len( split( concatenate( left(J74:AN74) ), ""F"" ) ) ), ""0"" ) )"),"0") -> 0 | AS74: 30 | AT74: =AO74/AS74 -> 0
A75: =A74+1 -> 16 | B75: =H74+1 -> 46125 | C75: =B75+1 -> 46126 | D75: =C75+1 -> 46127 | E75: =D75+1 -> 46128 | F75: =E75+1 -> 46129 | G75: =F75+1 -> 46130 | H75: =G75+1 -> 46131 | I75: 🚶🏽‍♀️10k Steps | J75: FALSE | K75: FALSE | L75: FALSE | M75: FALSE | N75: FALSE | O75: FALSE | P75: FALSE | Q75: FALSE | R75: FALSE | S75: FALSE | T75: FALSE | U75: FALSE | V75: FALSE | W75: FALSE | X75: FALSE | Y75: FALSE | Z75: FALSE | AA75: FALSE | AB75: FALSE | AC75: FALSE | AD75: FALSE | AE75: FALSE | AF75: FALSE | AG75: FALSE | AH75: FALSE | AI75: FALSE | AJ75: FALSE | AK75: FALSE | AL75: FALSE | AM75: FALSE | AN75: FALSE | AO75: =COUNTIF(J75:AN75, "TRUE") -> 0 | AQ75: =IFERROR(__xludf.DUMMYFUNCTION("if(iserror(match(true,J75:AN75,0)),0,len(index(split(substitute(substitute(join("","",J75:AN75)&"","",""TRUE,"",""x""),""FALSE,"","",""),"",""),,counta(split(substitute(substitute(join("","",J75:AN75)&"","",""TRUE,"",""x""),""FALSE,"","",""),"","")))))"),0.0) -> 0 | AR75: =IFERROR(__xludf.DUMMYFUNCTION("arrayformula( if( sum(J75:AN75 + 0), max( len( split( concatenate( left(J75:AN75) ), ""F"" ) ) ), ""0"" ) )"),"0") -> 0 | AS75: 20 | AT75: =AO75/AS75 -> 0
A76: =A75+1 -> 17 | B76: =H75+1 -> 46132 | C76: =B76+1 -> 46133 | D76: =C76+1 -> 46134 | E76: =D76+1 -> 46135 | F76: =E76+1 -> 46136 | G76: =F76+1 -> 46137 | H76: =G76+1 -> 46138 | I76: 💦2 L water | J76: FALSE | K76: FALSE | L76: FALSE | M76: FALSE | N76: FALSE | O76: FALSE | P76: FALSE | Q76: FALSE | R76: FALSE | S76: FALSE | T76: FALSE | U76: FALSE | V76: FALSE | W76: FALSE | X76: FALSE | Y76: FALSE | Z76: FALSE | AA76: FALSE | AB76: FALSE | AC76: FALSE | AD76: FALSE | AE76: FALSE | AF76: FALSE | AG76: FALSE | AH76: FALSE | AI76: FALSE | AJ76: FALSE | AK76: FALSE | AL76: FALSE | AM76: FALSE | AN76: FALSE | AO76: =COUNTIF(J76:AN76, "TRUE") -> 0 | AQ76: =IFERROR(__xludf.DUMMYFUNCTION("if(iserror(match(true,J76:AN76,0)),0,len(index(split(substitute(substitute(join("","",J76:AN76)&"","",""TRUE,"",""x""),""FALSE,"","",""),"",""),,counta(split(substitute(substitute(join("","",J76:AN76)&"","",""TRUE,"",""x""),""FALSE,"","",""),"","")))))"),0.0) -> 0 | AR76: =IFERROR(__xludf.DUMMYFUNCTION("arrayformula( if( sum(J76:AN76 + 0), max( len( split( concatenate( left(J76:AN76) ), ""F"" ) ) ), ""0"" ) )"),"0") -> 0 | AS76: 20 | AT76: =AO76/AS76 -> 0
A77: =A76+1 -> 18 | B77: =H76+1 -> 46139 | C77: =B77+1 -> 46140 | D77: =C77+1 -> 46141 | E77: =D77+1 -> 46142 | F77: =E77+1 -> 46143 | G77: =F77+1 -> 46144 | H77: =G77+1 -> 46145 | I77: 🏋🏾‍♂️Gym | J77: FALSE | K77: FALSE | L77: FALSE | M77: FALSE | N77: FALSE | O77: FALSE | P77: FALSE | Q77: FALSE | R77: FALSE | S77: FALSE | T77: FALSE | U77: FALSE | V77: FALSE | W77: FALSE | X77: FALSE | Y77: FALSE | Z77: FALSE | AA77: FALSE | AB77: FALSE | AC77: FALSE | AD77: FALSE | AE77: FALSE | AF77: FALSE | AG77: FALSE | AH77: FALSE | AI77: FALSE | AJ77: FALSE | AK77: FALSE | AL77: FALSE | AM77: FALSE | AN77: FALSE | AO77: =COUNTIF(J77:AN77, "TRUE") -> 0 | AQ77: =IFERROR(__xludf.DUMMYFUNCTION("if(iserror(match(true,J77:AN77,0)),0,len(index(split(substitute(substitute(join("","",J77:AN77)&"","",""TRUE,"",""x""),""FALSE,"","",""),"",""),,counta(split(substitute(substitute(join("","",J77:AN77)&"","",""TRUE,"",""x""),""FALSE,"","",""),"","")))))"),0.0) -> 0 | AR77: =IFERROR(__xludf.DUMMYFUNCTION("arrayformula( if( sum(J77:AN77 + 0), max( len( split( concatenate( left(J77:AN77) ), ""F"" ) ) ), ""0"" ) )"),"0") -> 0 | AS77: 15 | AT77: =AO77/AS77 -> 0
A78: =A77+1 -> 19 | B78: =H77+1 -> 46146 | C78: =B78+1 -> 46147 | D78: =C78+1 -> 46148 | E78: =D78+1 -> 46149 | F78: =E78+1 -> 46150 | G78: =F78+1 -> 46151 | H78: =G78+1 -> 46152 | J78: FALSE | K78: FALSE | L78: FALSE | M78: FALSE | N78: FALSE | O78: FALSE | P78: FALSE | Q78: FALSE | R78: FALSE | S78: FALSE | T78: FALSE | U78: FALSE | V78: FALSE | W78: FALSE | X78: FALSE | Y78: FALSE | Z78: FALSE | AA78: FALSE | AB78: FALSE | AC78: FALSE | AD78: FALSE | AE78: FALSE | AF78: FALSE | AG78: FALSE | AH78: FALSE | AI78: FALSE | AJ78: FALSE | AK78: FALSE | AL78: FALSE | AM78: FALSE | AN78: FALSE | AO78: =COUNTIF(J78:AN78, "TRUE") -> 0 | AQ78: =IFERROR(__xludf.DUMMYFUNCTION("if(iserror(match(true,J78:AN78,0)),0,len(index(split(substitute(substitute(join("","",J78:AN78)&"","",""TRUE,"",""x""),""FALSE,"","",""),"",""),,counta(split(substitute(substitute(join("","",J78:AN78)&"","",""TRUE,"",""x""),""FALSE,"","",""),"","")))))"),0.0) -> 0 | AR78: =IFERROR(__xludf.DUMMYFUNCTION("arrayformula( if( sum(J78:AN78 + 0), max( len( split( concatenate( left(J78:AN78) ), ""F"" ) ) ), ""0"" ) )"),"0") -> 0 | AS78: 15 | AT78: =AO78/AS78 -> 0
J79: FALSE | K79: FALSE | L79: FALSE | M79: FALSE | N79: FALSE | O79: FALSE | P79: FALSE | Q79: FALSE | R79: FALSE | S79: FALSE | T79: FALSE | U79: FALSE | V79: FALSE | W79: FALSE | X79: FALSE | Y79: FALSE | Z79: FALSE | AA79: FALSE | AB79: FALSE | AC79: FALSE | AD79: FALSE | AE79: FALSE | AF79: FALSE | AG79: FALSE | AH79: FALSE | AI79: FALSE | AJ79: FALSE | AK79: FALSE | AL79: FALSE | AM79: FALSE | AN79: FALSE | AO79: =COUNTIF(J79:AN79, "TRUE") -> 0 | AQ79: =IFERROR(__xludf.DUMMYFUNCTION("if(iserror(match(true,J79:AN79,0)),0,len(index(split(substitute(substitute(join("","",J79:AN79)&"","",""TRUE,"",""x""),""FALSE,"","",""),"",""),,counta(split(substitute(substitute(join("","",J79:AN79)&"","",""TRUE,"",""x""),""FALSE,"","",""),"","")))))"),0.0) -> 0 | AR79: =IFERROR(__xludf.DUMMYFUNCTION("arrayformula( if( sum(J79:AN79 + 0), max( len( split( concatenate( left(J79:AN79) ), ""F"" ) ) ), ""0"" ) )"),"0") -> 0 | AS79: 15 | AT79: =AO79/AS79 -> 0
J80: FALSE | K80: FALSE | L80: FALSE | M80: FALSE | N80: FALSE | O80: FALSE | P80: FALSE | Q80: FALSE | R80: FALSE | S80: FALSE | T80: FALSE | U80: FALSE | V80: FALSE | W80: FALSE | X80: FALSE | Y80: FALSE | Z80: FALSE | AA80: FALSE | AB80: FALSE | AC80: FALSE | AD80: FALSE | AE80: FALSE | AF80: FALSE | AG80: FALSE | AH80: FALSE | AI80: FALSE | AJ80: FALSE | AK80: FALSE | AL80: FALSE | AM80: FALSE | AN80: FALSE | AO80: =COUNTIF(J80:AN80, "TRUE") -> 0 | AQ80: =IFERROR(__xludf.DUMMYFUNCTION("if(iserror(match(true,J80:AN80,0)),0,len(index(split(substitute(substitute(join("","",J80:AN80)&"","",""TRUE,"",""x""),""FALSE,"","",""),"",""),,counta(split(substitute(substitute(join("","",J80:AN80)&"","",""TRUE,"",""x""),""FALSE,"","",""),"","")))))"),0.0) -> 0 | AR80: =IFERROR(__xludf.DUMMYFUNCTION("arrayformula( if( sum(J80:AN80 + 0), max( len( split( concatenate( left(J80:AN80) ), ""F"" ) ) ), ""0"" ) )"),"0") -> 0 | AS80: 15 | AT80: =AO80/AS80 -> 0
J81: FALSE | K81: FALSE | L81: FALSE | M81: FALSE | N81: FALSE | O81: FALSE | P81: FALSE | Q81: FALSE | R81: FALSE | S81: FALSE | T81: FALSE | U81: FALSE | V81: FALSE | W81: FALSE | X81: FALSE | Y81: FALSE | Z81: FALSE | AA81: FALSE | AB81: FALSE | AC81: FALSE | AD81: FALSE | AE81: FALSE | AF81: FALSE | AG81: FALSE | AH81: FALSE | AI81: FALSE | AJ81: FALSE | AK81: FALSE | AL81: FALSE | AM81: FALSE | AN81: FALSE | AO81: =COUNTIF(J81:AN81, "TRUE") -> 0 | AQ81: =IFERROR(__xludf.DUMMYFUNCTION("if(iserror(match(true,J81:AN81,0)),0,len(index(split(substitute(substitute(join("","",J81:AN81)&"","",""TRUE,"",""x""),""FALSE,"","",""),"",""),,counta(split(substitute(substitute(join("","",J81:AN81)&"","",""TRUE,"",""x""),""FALSE,"","",""),"","")))))"),0.0) -> 0 | AR81: =IFERROR(__xludf.DUMMYFUNCTION("arrayformula( if( sum(J81:AN81 + 0), max( len( split( concatenate( left(J81:AN81) ), ""F"" ) ) ), ""0"" ) )"),"0") -> 0 | AS81: 15 | AT81: =AO81/AS81 -> 0
J82: FALSE | K82: FALSE | L82: FALSE | M82: FALSE | N82: FALSE | O82: FALSE | P82: FALSE | Q82: FALSE | R82: FALSE | S82: FALSE | T82: FALSE | U82: FALSE | V82: FALSE | W82: FALSE | X82: FALSE | Y82: FALSE | Z82: FALSE | AA82: FALSE | AB82: FALSE | AC82: FALSE | AD82: FALSE | AE82: FALSE | AF82: FALSE | AG82: FALSE | AH82: FALSE | AI82: FALSE | AJ82: FALSE | AK82: FALSE | AL82: FALSE | AM82: FALSE | AN82: FALSE | AO82: =COUNTIF(J82:AN82, "TRUE") -> 0 | AQ82: =IFERROR(__xludf.DUMMYFUNCTION("if(iserror(match(true,J82:AN82,0)),0,len(index(split(substitute(substitute(join("","",J82:AN82)&"","",""TRUE,"",""x""),""FALSE,"","",""),"",""),,counta(split(substitute(substitute(join("","",J82:AN82)&"","",""TRUE,"",""x""),""FALSE,"","",""),"","")))))"),0.0) -> 0 | AR82: =IFERROR(__xludf.DUMMYFUNCTION("arrayformula( if( sum(J82:AN82 + 0), max( len( split( concatenate( left(J82:AN82) ), ""F"" ) ) ), ""0"" ) )"),"0") -> 0 | AS82: 15 | AT82: =AO82/AS82 -> 0
J83: FALSE | K83: FALSE | L83: FALSE | M83: FALSE | N83: FALSE | O83: FALSE | P83: FALSE | Q83: FALSE | R83: FALSE | S83: FALSE | T83: FALSE | U83: FALSE | V83: FALSE | W83: FALSE | X83: FALSE | Y83: FALSE | Z83: FALSE | AA83: FALSE | AB83: FALSE | AC83: FALSE | AD83: FALSE | AE83: FALSE | AF83: FALSE | AG83: FALSE | AH83: FALSE | AI83: FALSE | AJ83: FALSE | AK83: FALSE | AL83: FALSE | AM83: FALSE | AN83: FALSE | AO83: =COUNTIF(J83:AN83, "TRUE") -> 0 | AQ83: =IFERROR(__xludf.DUMMYFUNCTION("if(iserror(match(true,J83:AN83,0)),0,len(index(split(substitute(substitute(join("","",J83:AN83)&"","",""TRUE,"",""x""),""FALSE,"","",""),"",""),,counta(split(substitute(substitute(join("","",J83:AN83)&"","",""TRUE,"",""x""),""FALSE,"","",""),"","")))))"),0.0) -> 0 | AR83: =IFERROR(__xludf.DUMMYFUNCTION("arrayformula( if( sum(J83:AN83 + 0), max( len( split( concatenate( left(J83:AN83) ), ""F"" ) ) ), ""0"" ) )"),"0") -> 0 | AS83: 15 | AT83: =AO83/AS83 -> 0
J84: FALSE | K84: FALSE | L84: FALSE | M84: FALSE | N84: FALSE | O84: FALSE | P84: FALSE | Q84: FALSE | R84: FALSE | S84: FALSE | T84: FALSE | U84: FALSE | V84: FALSE | W84: FALSE | X84: FALSE | Y84: FALSE | Z84: FALSE | AA84: FALSE | AB84: FALSE | AC84: FALSE | AD84: FALSE | AE84: FALSE | AF84: FALSE | AG84: FALSE | AH84: FALSE | AI84: FALSE | AJ84: FALSE | AK84: FALSE | AL84: FALSE | AM84: FALSE | AN84: FALSE | AO84: =COUNTIF(J84:AN84, "TRUE") -> 0 | AQ84: =IFERROR(__xludf.DUMMYFUNCTION("if(iserror(match(true,J84:AN84,0)),0,len(index(split(substitute(substitute(join("","",J84:AN84)&"","",""TRUE,"",""x""),""FALSE,"","",""),"",""),,counta(split(substitute(substitute(join("","",J84:AN84)&"","",""TRUE,"",""x""),""FALSE,"","",""),"","")))))"),0.0) -> 0 | AR84: =IFERROR(__xludf.DUMMYFUNCTION("arrayformula( if( sum(J84:AN84 + 0), max( len( split( concatenate( left(J84:AN84) ), ""F"" ) ) ), ""0"" ) )"),"0") -> 0 | AS84: 15 | AT84: =AO84/AS84 -> 0
J85: FALSE | K85: FALSE | L85: FALSE | M85: FALSE | N85: FALSE | O85: FALSE | P85: FALSE | Q85: FALSE | R85: FALSE | S85: FALSE | T85: FALSE | U85: FALSE | V85: FALSE | W85: FALSE | X85: FALSE | Y85: FALSE | Z85: FALSE | AA85: FALSE | AB85: FALSE | AC85: FALSE | AD85: FALSE | AE85: FALSE | AF85: FALSE | AG85: FALSE | AH85: FALSE | AI85: FALSE | AJ85: FALSE | AK85: FALSE | AL85: FALSE | AM85: FALSE | AN85: FALSE | AO85: =COUNTIF(J85:AN85, "TRUE") -> 0 | AQ85: =IFERROR(__xludf.DUMMYFUNCTION("if(iserror(match(true,J85:AN85,0)),0,len(index(split(substitute(substitute(join("","",J85:AN85)&"","",""TRUE,"",""x""),""FALSE,"","",""),"",""),,counta(split(substitute(substitute(join("","",J85:AN85)&"","",""TRUE,"",""x""),""FALSE,"","",""),"","")))))"),0.0) -> 0 | AR85: =IFERROR(__xludf.DUMMYFUNCTION("arrayformula( if( sum(J85:AN85 + 0), max( len( split( concatenate( left(J85:AN85) ), ""F"" ) ) ), ""0"" ) )"),"0") -> 0 | AS85: 15 | AT85: =AO85/AS85 -> 0
J86: FALSE | K86: FALSE | L86: FALSE | M86: FALSE | N86: FALSE | O86: FALSE | P86: FALSE | Q86: FALSE | R86: FALSE | S86: FALSE | T86: FALSE | U86: FALSE | V86: FALSE | W86: FALSE | X86: FALSE | Y86: FALSE | Z86: FALSE | AA86: FALSE | AB86: FALSE | AC86: FALSE | AD86: FALSE | AE86: FALSE | AF86: FALSE | AG86: FALSE | AH86: FALSE | AI86: FALSE | AJ86: FALSE | AK86: FALSE | AL86: FALSE | AM86: FALSE | AN86: FALSE | AO86: =COUNTIF(J86:AN86, "TRUE") -> 0 | AQ86: =IFERROR(__xludf.DUMMYFUNCTION("if(iserror(match(true,J86:AN86,0)),0,len(index(split(substitute(substitute(join("","",J86:AN86)&"","",""TRUE,"",""x""),""FALSE,"","",""),"",""),,counta(split(substitute(substitute(join("","",J86:AN86)&"","",""TRUE,"",""x""),""FALSE,"","",""),"","")))))"),0.0) -> 0 | AR86: =IFERROR(__xludf.DUMMYFUNCTION("arrayformula( if( sum(J86:AN86 + 0), max( len( split( concatenate( left(J86:AN86) ), ""F"" ) ) ), ""0"" ) )"),"0") -> 0 | AS86: 15 | AT86: =AO86/AS86 -> 0
J87: FALSE | K87: FALSE | L87: FALSE | M87: FALSE | N87: FALSE | O87: FALSE | P87: FALSE | Q87: FALSE | R87: FALSE | S87: FALSE | T87: FALSE | U87: FALSE | V87: FALSE | W87: FALSE | X87: FALSE | Y87: FALSE | Z87: FALSE | AA87: FALSE | AB87: FALSE | AC87: FALSE | AD87: FALSE | AE87: FALSE | AF87: FALSE | AG87: FALSE | AH87: FALSE | AI87: FALSE | AJ87: FALSE | AK87: FALSE | AL87: FALSE | AM87: FALSE | AN87: FALSE | AO87: =COUNTIF(J87:AN87, "TRUE") -> 0 | AQ87: =IFERROR(__xludf.DUMMYFUNCTION("if(iserror(match(true,J87:AN87,0)),0,len(index(split(substitute(substitute(join("","",J87:AN87)&"","",""TRUE,"",""x""),""FALSE,"","",""),"",""),,counta(split(substitute(substitute(join("","",J87:AN87)&"","",""TRUE,"",""x""),""FALSE,"","",""),"","")))))"),0.0) -> 0 | AR87: =IFERROR(__xludf.DUMMYFUNCTION("arrayformula( if( sum(J87:AN87 + 0), max( len( split( concatenate( left(J87:AN87) ), ""F"" ) ) ), ""0"" ) )"),"0") -> 0 | AS87: 15 | AT87: =AO87/AS87 -> 0
J88: FALSE | K88: FALSE | L88: FALSE | M88: FALSE | N88: FALSE | O88: FALSE | P88: FALSE | Q88: FALSE | R88: FALSE | S88: FALSE | T88: FALSE | U88: FALSE | V88: FALSE | W88: FALSE | X88: FALSE | Y88: FALSE | Z88: FALSE | AA88: FALSE | AB88: FALSE | AC88: FALSE | AD88: FALSE | AE88: FALSE | AF88: FALSE | AG88: FALSE | AH88: FALSE | AI88: FALSE | AJ88: FALSE | AK88: FALSE | AL88: FALSE | AM88: FALSE | AN88: FALSE | AO88: =COUNTIF(J88:AN88, "TRUE") -> 0 | AQ88: =IFERROR(__xludf.DUMMYFUNCTION("if(iserror(match(true,J88:AN88,0)),0,len(index(split(substitute(substitute(join("","",J88:AN88)&"","",""TRUE,"",""x""),""FALSE,"","",""),"",""),,counta(split(substitute(substitute(join("","",J88:AN88)&"","",""TRUE,"",""x""),""FALSE,"","",""),"","")))))"),0.0) -> 0 | AR88: =IFERROR(__xludf.DUMMYFUNCTION("arrayformula( if( sum(J88:AN88 + 0), max( len( split( concatenate( left(J88:AN88) ), ""F"" ) ) ), ""0"" ) )"),"0") -> 0 | AS88: 15 | AT88: =AO88/AS88 -> 0
J89: FALSE | K89: FALSE | L89: FALSE | M89: FALSE | N89: FALSE | O89: FALSE | P89: FALSE | Q89: FALSE | R89: FALSE | S89: FALSE | T89: FALSE | U89: FALSE | V89: FALSE | W89: FALSE | X89: FALSE | Y89: FALSE | Z89: FALSE | AA89: FALSE | AB89: FALSE | AC89: FALSE | AD89: FALSE | AE89: FALSE | AF89: FALSE | AG89: FALSE | AH89: FALSE | AI89: FALSE | AJ89: FALSE | AK89: FALSE | AL89: FALSE | AM89: FALSE | AN89: FALSE | AO89: =COUNTIF(J89:AN89, "TRUE") -> 0 | AQ89: =IFERROR(__xludf.DUMMYFUNCTION("if(iserror(match(true,J89:AN89,0)),0,len(index(split(substitute(substitute(join("","",J89:AN89)&"","",""TRUE,"",""x""),""FALSE,"","",""),"",""),,counta(split(substitute(substitute(join("","",J89:AN89)&"","",""TRUE,"",""x""),""FALSE,"","",""),"","")))))"),0.0) -> 0 | AR89: =IFERROR(__xludf.DUMMYFUNCTION("arrayformula( if( sum(J89:AN89 + 0), max( len( split( concatenate( left(J89:AN89) ), ""F"" ) ) ), ""0"" ) )"),"0") -> 0 | AS89: 15 | AT89: =AO89/AS89 -> 0
J90: FALSE | K90: FALSE | L90: FALSE | M90: FALSE | N90: FALSE | O90: FALSE | P90: FALSE | Q90: FALSE | R90: FALSE | S90: FALSE | T90: FALSE | U90: FALSE | V90: FALSE | W90: FALSE | X90: FALSE | Y90: FALSE | Z90: FALSE | AA90: FALSE | AB90: FALSE | AC90: FALSE | AD90: FALSE | AE90: FALSE | AF90: FALSE | AG90: FALSE | AH90: FALSE | AI90: FALSE | AJ90: FALSE | AK90: FALSE | AL90: FALSE | AM90: FALSE | AN90: FALSE | AO90: =COUNTIF(J90:AN90, "TRUE") -> 0 | AQ90: =IFERROR(__xludf.DUMMYFUNCTION("if(iserror(match(true,J90:AN90,0)),0,len(index(split(substitute(substitute(join("","",J90:AN90)&"","",""TRUE,"",""x""),""FALSE,"","",""),"",""),,counta(split(substitute(substitute(join("","",J90:AN90)&"","",""TRUE,"",""x""),""FALSE,"","",""),"","")))))"),0.0) -> 0 | AR90: =IFERROR(__xludf.DUMMYFUNCTION("arrayformula( if( sum(J90:AN90 + 0), max( len( split( concatenate( left(J90:AN90) ), ""F"" ) ) ), ""0"" ) )"),"0") -> 0 | AS90: 15 | AT90: =AO90/AS90 -> 0
J91: FALSE | K91: FALSE | L91: FALSE | M91: FALSE | N91: FALSE | O91: FALSE | P91: FALSE | Q91: FALSE | R91: FALSE | S91: FALSE | T91: FALSE | U91: FALSE | V91: FALSE | W91: FALSE | X91: FALSE | Y91: FALSE | Z91: FALSE | AA91: FALSE | AB91: FALSE | AC91: FALSE | AD91: FALSE | AE91: FALSE | AF91: FALSE | AG91: FALSE | AH91: FALSE | AI91: FALSE | AJ91: FALSE | AK91: FALSE | AL91: FALSE | AM91: FALSE | AN91: FALSE | AO91: =COUNTIF(J91:AN91, "TRUE") -> 0 | AQ91: =IFERROR(__xludf.DUMMYFUNCTION("if(iserror(match(true,J91:AN91,0)),0,len(index(split(substitute(substitute(join("","",J91:AN91)&"","",""TRUE,"",""x""),""FALSE,"","",""),"",""),,counta(split(substitute(substitute(join("","",J91:AN91)&"","",""TRUE,"",""x""),""FALSE,"","",""),"","")))))"),0.0) -> 0 | AR91: =IFERROR(__xludf.DUMMYFUNCTION("arrayformula( if( sum(J91:AN91 + 0), max( len( split( concatenate( left(J91:AN91) ), ""F"" ) ) ), ""0"" ) )"),"0") -> 0 | AS91: 15 | AT91: =AO91/AS91 -> 0
J92: {=IF(COUNTIF(J72:J91, "TRUE") = 1, Setup!$E$4, IF(COUNTIF(J72:J91, "TRUE") = 0, Setup!$E$3, IF(COUNTIF(J72:J91, "TRUE") = 2, Setup!$E$5, IF(COUNTIF(J72:J91, "TRUE") = 3, Setup!$E$6, IF(COUNTIF(J72:J91, "TRUE") = 4, Setup!$E$7, IF(COUNTIF(J72:J91, "TRUE") = 5, Setup!$E$8, IF(COUNTIF(J72:J91, "TRUE") >= 6, Setup!$E$9))) ))))} | K92: {=IF(COUNTIF(K72:K91, "TRUE") = 1, Setup!$E$4, IF(COUNTIF(K72:K91, "TRUE") = 0, Setup!$E$3, IF(COUNTIF(K72:K91, "TRUE") = 2, Setup!$E$5, IF(COUNTIF(K72:K91, "TRUE") = 3, Setup!$E$6, IF(COUNTIF(K72:K91, "TRUE") = 4, Setup!$E$7, IF(COUNTIF(K72:K91, "TRUE") = 5, Setup!$E$8, IF(COUNTIF(K72:K91, "TRUE") >= 6, Setup!$E$9))) ))))} | L92: {=IF(COUNTIF(L72:L91, "TRUE") = 1, Setup!$E$4, IF(COUNTIF(L72:L91, "TRUE") = 0, Setup!$E$3, IF(COUNTIF(L72:L91, "TRUE") = 2, Setup!$E$5, IF(COUNTIF(L72:L91, "TRUE") = 3, Setup!$E$6, IF(COUNTIF(L72:L91, "TRUE") = 4, Setup!$E$7, IF(COUNTIF(L72:L91, "TRUE") = 5, Setup!$E$8, IF(COUNTIF(L72:L91, "TRUE") >= 6, Setup!$E$9))) ))))} | M92: {=IF(COUNTIF(M72:M91, "TRUE") = 1, Setup!$E$4, IF(COUNTIF(M72:M91, "TRUE") = 0, Setup!$E$3, IF(COUNTIF(M72:M91, "TRUE") = 2, Setup!$E$5, IF(COUNTIF(M72:M91, "TRUE") = 3, Setup!$E$6, IF(COUNTIF(M72:M91, "TRUE") = 4, Setup!$E$7, IF(COUNTIF(M72:M91, "TRUE") = 5, Setup!$E$8, IF(COUNTIF(M72:M91, "TRUE") >= 6, Setup!$E$9))) ))))} | N92: {=IF(COUNTIF(N72:N91, "TRUE") = 1, Setup!$E$4, IF(COUNTIF(N72:N91, "TRUE") = 0, Setup!$E$3, IF(COUNTIF(N72:N91, "TRUE") = 2, Setup!$E$5, IF(COUNTIF(N72:N91, "TRUE") = 3, Setup!$E$6, IF(COUNTIF(N72:N91, "TRUE") = 4, Setup!$E$7, IF(COUNTIF(N72:N91, "TRUE") = 5, Setup!$E$8, IF(COUNTIF(N72:N91, "TRUE") >= 6, Setup!$E$9))) ))))} | O92: {=IF(COUNTIF(O72:O91, "TRUE") = 1, Setup!$E$4, IF(COUNTIF(O72:O91, "TRUE") = 0, Setup!$E$3, IF(COUNTIF(O72:O91, "TRUE") = 2, Setup!$E$5, IF(COUNTIF(O72:O91, "TRUE") = 3, Setup!$E$6, IF(COUNTIF(O72:O91, "TRUE") = 4, Setup!$E$7, IF(COUNTIF(O72:O91, "TRUE") = 5, Setup!$E$8, IF(COUNTIF(O72:O91, "TRUE") >= 6, Setup!$E$9))) ))))} | P92: {=IF(COUNTIF(P72:P91, "TRUE") = 1, Setup!$E$4, IF(COUNTIF(P72:P91, "TRUE") = 0, Setup!$E$3, IF(COUNTIF(P72:P91, "TRUE") = 2, Setup!$E$5, IF(COUNTIF(P72:P91, "TRUE") = 3, Setup!$E$6, IF(COUNTIF(P72:P91, "TRUE") = 4, Setup!$E$7, IF(COUNTIF(P72:P91, "TRUE") = 5, Setup!$E$8, IF(COUNTIF(P72:P91, "TRUE") >= 6, Setup!$E$9))) ))))} | Q92: {=IF(COUNTIF(Q72:Q91, "TRUE") = 1, Setup!$E$4, IF(COUNTIF(Q72:Q91, "TRUE") = 0, Setup!$E$3, IF(COUNTIF(Q72:Q91, "TRUE") = 2, Setup!$E$5, IF(COUNTIF(Q72:Q91, "TRUE") = 3, Setup!$E$6, IF(COUNTIF(Q72:Q91, "TRUE") = 4, Setup!$E$7, IF(COUNTIF(Q72:Q91, "TRUE") = 5, Setup!$E$8, IF(COUNTIF(Q72:Q91, "TRUE") >= 6, Setup!$E$9))) ))))} | ... AN92: {=IF(COUNTIF(AN72:AN91, "TRUE") = 1, Setup!$E$4, IF(COUNTIF(AN72:AN91, "TRUE") = 0, Setup!$E$3, IF(COUNTIF(AN72:AN91, "TRUE") = 2, Setup!$E$5, IF(COUNTIF(AN72:AN91, "TRUE") = 3, Setup!$E$6, IF(COUNTIF(AN72:AN91, "TRUE") = 4, Setup!$E$7, IF(COUNTIF(AN72:AN91, "TRUE") = 5, Setup!$E$8, IF(COUNTIF(AN72:AN91, "TRUE") >= 6, Setup!$E$9))) ))))}
A93: 🥾 | B93: MAY | I93: May | J93: {=DATE($D$1, MATCH(I93, {"January","February","March","April","May","June","July","August","September","October","November","December"}, 0), 1)} -> 46143 | K93: =J93+1 -> 46144 | L93: =K93+1 -> 46145 | M93: =L93+1 -> 46146 | N93: =M93+1 -> 46147 | O93: =N93+1 -> 46148 | P93: =O93+1 -> 46149 | Q93: =P93+1 -> 46150 | R93: =Q93+1 -> 46151 | ... AN93: =AM93+1 -> 46173 | AO93: TOTAL | AQ93: current streak 🔥 | AR93: longest streak😼 | AS93: Goal🔢 | AT93: Progress 📈
J94: =J93 -> 46143 | K94: =K93 -> 46144 | L94: =L93 -> 46145 | M94: =M93 -> 46146 | N94: =N93 -> 46147 | O94: =O93 -> 46148 | P94: =P93 -> 46149 | Q94: =Q93 -> 46150 | ... AN94: =AN93 -> 46173
B95: =IF($E$2="Monday", TEXT(TODAY()-WEEKDAY(TODAY(),2)+COLUMN(B95)-1,"ddd"), TEXT(TODAY()-WEEKDAY(TODAY(),1)+IF(COLUMN(B95)>1,COLUMN(B95)-1,7),"ddd")) -> Mon | C95: =IF($E$2="Monday", TEXT(TODAY()-WEEKDAY(TODAY(),2)+COLUMN(C95)-1,"ddd"), TEXT(TODAY()-WEEKDAY(TODAY(),1)+IF(COLUMN(C95)>1,COLUMN(C95)-1,7),"ddd")) -> Tue | D95: =IF($E$2="Monday", TEXT(TODAY()-WEEKDAY(TODAY(),2)+COLUMN(D95)-1,"ddd"), TEXT(TODAY()-WEEKDAY(TODAY(),1)+IF(COLUMN(D95)>1,COLUMN(D95)-1,7),"ddd")) -> Wed | E95: =IF($E$2="Monday", TEXT(TODAY()-WEEKDAY(TODAY(),2)+COLUMN(E95)-1,"ddd"), TEXT(TODAY()-WEEKDAY(TODAY(),1)+IF(COLUMN(E95)>1,COLUMN(E95)-1,7),"ddd")) -> Thu | F95: =IF($E$2="Monday", TEXT(TODAY()-WEEKDAY(TODAY(),2)+COLUMN(F95)-1,"ddd"), TEXT(TODAY()-WEEKDAY(TODAY(),1)+IF(COLUMN(F95)>1,COLUMN(F95)-1,7),"ddd")) -> Fri | G95: =IF($E$2="Monday", TEXT(TODAY()-WEEKDAY(TODAY(),2)+COLUMN(G95)-1,"ddd"), TEXT(TODAY()-WEEKDAY(TODAY(),1)+IF(COLUMN(G95)>1,COLUMN(G95)-1,7),"ddd")) -> Sat | H95: =IF($E$2="Monday", TEXT(TODAY()-WEEKDAY(TODAY(),2)+COLUMN(H95)-1,"ddd"), TEXT(TODAY()-WEEKDAY(TODAY(),1)+IF(COLUMN(H95)>1,COLUMN(H95)-1,7),"ddd")) -> Sun | I95: {=Setup!$B$3:$B$22} -> 🧘🏻‍♀️Yoga | J95: FALSE | K95: FALSE | L95: FALSE | M95: FALSE | N95: FALSE | O95: FALSE | P95: FALSE | Q95: FALSE | R95: FALSE | S95: FALSE | T95: FALSE | U95: FALSE | V95: FALSE | W95: FALSE | X95: FALSE | Y95: FALSE | Z95: FALSE | AA95: FALSE | AB95: FALSE | AC95: FALSE | AD95: FALSE | AE95: FALSE | AF95: FALSE | AG95: FALSE | AH95: FALSE | AI95: FALSE | AJ95: FALSE | AK95: FALSE | AL95: FALSE | AM95: FALSE | AN95: FALSE | AO95: =COUNTIF(J95:AN95, "TRUE") -> 0 | AQ95: =IFERROR(__xludf.DUMMYFUNCTION("if(iserror(match(true,J95:AN95,0)),0,len(index(split(substitute(substitute(join("","",J95:AN95)&"","",""TRUE,"",""x""),""FALSE,"","",""),"",""),,counta(split(substitute(substitute(join("","",J95:AN95)&"","",""TRUE,"",""x""),""FALSE,"","",""),"","")))))"),0.0) -> 0 | AR95: =IFERROR(__xludf.DUMMYFUNCTION("arrayformula( if( sum(J95:AN95 + 0), max( len( split( concatenate( left(J95:AN95) ), ""F"" ) ) ), ""0"" ) )"),"0") -> 0 | AS95: 15 | AT95: =AO95/AS95 -> 0
A96: =WEEKNUM(DATE($D$1, MONTH(I93 & 1), 1), 2) -> 18 | B96: {=IFERROR(DATE($D$1, 1, (A96-1)*7 + 2 - WEEKDAY(DATE($D$1, 1, 1) - MATCH(B95, {"Mon","Tue","Wed","Thu","Fri","Sat","Sun"}, 0))), "")} -> 46139 | C96: =B96+1 -> 46140 | D96: =C96+1 -> 46141 | E96: =D96+1 -> 46142 | F96: =E96+1 -> 46143 | G96: =F96+1 -> 46144 | H96: =G96+1 -> 46145 | I96: 🌜Meditate | J96: FALSE | K96: FALSE | L96: FALSE | M96: FALSE | N96: FALSE | O96: FALSE | P96: FALSE | Q96: FALSE | R96: FALSE | S96: FALSE | T96: FALSE | U96: FALSE | V96: FALSE | W96: FALSE | X96: FALSE | Y96: FALSE | Z96: FALSE | AA96: FALSE | AB96: FALSE | AC96: FALSE | AD96: FALSE | AE96: FALSE | AF96: FALSE | AG96: FALSE | AH96: FALSE | AI96: FALSE | AJ96: FALSE | AK96: FALSE | AL96: FALSE | AM96: FALSE | AN96: FALSE | AO96: =COUNTIF(J96:AN96, "TRUE") -> 0 | AQ96: =IFERROR(__xludf.DUMMYFUNCTION("if(iserror(match(true,J96:AN96,0)),0,len(index(split(substitute(substitute(join("","",J96:AN96)&"","",""TRUE,"",""x""),""FALSE,"","",""),"",""),,counta(split(substitute(substitute(join("","",J96:AN96)&"","",""TRUE,"",""x""),""FALSE,"","",""),"","")))))"),0.0) -> 0 | AR96: =IFERROR(__xludf.DUMMYFUNCTION("arrayformula( if( sum(J96:AN96 + 0), max( len( split( concatenate( left(J96:AN96) ), ""F"" ) ) ), ""0"" ) )"),"0") -> 0 | AS96: 20 | AT96: =AO96/AS96 -> 0
A97: =A96+1 -> 19 | B97: =H96+1 -> 46146 | C97: =B97+1 -> 46147 | D97: =C97+1 -> 46148 | E97: =D97+1 -> 46149 | F97: =E97+1 -> 46150 | G97: =F97+1 -> 46151 | H97: =G97+1 -> 46152 | I97: 🥝Eat Fruit | J97: FALSE | K97: FALSE | L97: FALSE | M97: FALSE | N97: FALSE | O97: FALSE | P97: FALSE | Q97: FALSE | R97: FALSE | S97: FALSE | T97: FALSE | U97: FALSE | V97: FALSE | W97: FALSE | X97: FALSE | Y97: FALSE | Z97: FALSE | AA97: FALSE | AB97: FALSE | AC97: FALSE | AD97: FALSE | AE97: FALSE | AF97: FALSE | AG97: FALSE | AH97: FALSE | AI97: FALSE | AJ97: FALSE | AK97: FALSE | AL97: FALSE | AM97: FALSE | AN97: FALSE | AO97: =COUNTIF(J97:AN97, "TRUE") -> 0 | AQ97: =IFERROR(__xludf.DUMMYFUNCTION("if(iserror(match(true,J97:AN97,0)),0,len(index(split(substitute(substitute(join("","",J97:AN97)&"","",""TRUE,"",""x""),""FALSE,"","",""),"",""),,counta(split(substitute(substitute(join("","",J97:AN97)&"","",""TRUE,"",""x""),""FALSE,"","",""),"","")))))"),0.0) -> 0 | AR97: =IFERROR(__xludf.DUMMYFUNCTION("arrayformula( if( sum(J97:AN97 + 0), max( len( split( concatenate( left(J97:AN97) ), ""F"" ) ) ), ""0"" ) )"),"0") -> 0 | AS97: 30 | AT97: =AO97/AS97 -> 0
A98: =A97+1 -> 20 | B98: =H97+1 -> 46153 | C98: =B98+1 -> 46154 | D98: =C98+1 -> 46155 | E98: =D98+1 -> 46156 | F98: =E98+1 -> 46157 | G98: =F98+1 -> 46158 | H98: =G98+1 -> 46159 | I98: 🚶🏽‍♀️10k Steps | J98: FALSE | K98: FALSE | L98: FALSE | M98: FALSE | N98: FALSE | O98: FALSE | P98: FALSE | Q98: FALSE | R98: FALSE | S98: FALSE | T98: FALSE | U98: FALSE | V98: FALSE | W98: FALSE | X98: FALSE | Y98: FALSE | Z98: FALSE | AA98: FALSE | AB98: FALSE | AC98: FALSE | AD98: FALSE | AE98: FALSE | AF98: FALSE | AG98: FALSE | AH98: FALSE | AI98: FALSE | AJ98: FALSE | AK98: FALSE | AL98: FALSE | AM98: FALSE | AN98: FALSE | AO98: =COUNTIF(J98:AN98, "TRUE") -> 0 | AQ98: =IFERROR(__xludf.DUMMYFUNCTION("if(iserror(match(true,J98:AN98,0)),0,len(index(split(substitute(substitute(join("","",J98:AN98)&"","",""TRUE,"",""x""),""FALSE,"","",""),"",""),,counta(split(substitute(substitute(join("","",J98:AN98)&"","",""TRUE,"",""x""),""FALSE,"","",""),"","")))))"),0.0) -> 0 | AR98: =IFERROR(__xludf.DUMMYFUNCTION("arrayformula( if( sum(J98:AN98 + 0), max( len( split( concatenate( left(J98:AN98) ), ""F"" ) ) ), ""0"" ) )"),"0") -> 0 | AS98: 20 | AT98: =AO98/AS98 -> 0
A99: =A98+1 -> 21 | B99: =H98+1 -> 46160 | C99: =B99+1 -> 46161 | D99: =C99+1 -> 46162 | E99: =D99+1 -> 46163 | F99: =E99+1 -> 46164 | G99: =F99+1 -> 46165 | H99: =G99+1 -> 46166 | I99: 💦2 L water | J99: FALSE | K99: FALSE | L99: FALSE | M99: FALSE | N99: FALSE | O99: FALSE | P99: FALSE | Q99: FALSE | R99: FALSE | S99: FALSE | T99: FALSE | U99: FALSE | V99: FALSE | W99: FALSE | X99: FALSE | Y99: FALSE | Z99: FALSE | AA99: FALSE | AB99: FALSE | AC99: FALSE | AD99: FALSE | AE99: FALSE | AF99: FALSE | AG99: FALSE | AH99: FALSE | AI99: FALSE | AJ99: FALSE | AK99: FALSE | AL99: FALSE | AM99: FALSE | AN99: FALSE | AO99: =COUNTIF(J99:AN99, "TRUE") -> 0 | AQ99: =IFERROR(__xludf.DUMMYFUNCTION("if(iserror(match(true,J99:AN99,0)),0,len(index(split(substitute(substitute(join("","",J99:AN99)&"","",""TRUE,"",""x""),""FALSE,"","",""),"",""),,counta(split(substitute(substitute(join("","",J99:AN99)&"","",""TRUE,"",""x""),""FALSE,"","",""),"","")))))"),0.0) -> 0 | AR99: =IFERROR(__xludf.DUMMYFUNCTION("arrayformula( if( sum(J99:AN99 + 0), max( len( split( concatenate( left(J99:AN99) ), ""F"" ) ) ), ""0"" ) )"),"0") -> 0 | AS99: 20 | AT99: =AO99/AS99 -> 0
A100: =A99+1 -> 22 | B100: =H99+1 -> 46167 | C100: =B100+1 -> 46168 | D100: =C100+1 -> 46169 | E100: =D100+1 -> 46170 | F100: =E100+1 -> 46171 | G100: =F100+1 -> 46172 | H100: =G100+1 -> 46173 | I100: 🏋🏾‍♂️Gym | J100: FALSE | K100: FALSE | L100: FALSE | M100: FALSE | N100: FALSE | O100: FALSE | P100: FALSE | Q100: FALSE | R100: FALSE | S100: FALSE | T100: FALSE | U100: FALSE | V100: FALSE | W100: FALSE | X100: FALSE | Y100: FALSE | Z100: FALSE | AA100: FALSE | AB100: FALSE | AC100: FALSE | AD100: FALSE | AE100: FALSE | AF100: FALSE | AG100: FALSE | AH100: FALSE | AI100: FALSE | AJ100: FALSE | AK100: FALSE | AL100: FALSE | AM100: FALSE | AN100: FALSE | AO100: =COUNTIF(J100:AN100, "TRUE") -> 0 | AQ100: =IFERROR(__xludf.DUMMYFUNCTION("if(iserror(match(true,J100:AN100,0)),0,len(index(split(substitute(substitute(join("","",J100:AN100)&"","",""TRUE,"",""x""),""FALSE,"","",""),"",""),,counta(split(substitute(substitute(join("","",J100:AN100)&"","",""TRUE,"",""x""),""FALSE,"","",""),"",""))"&")))"),0.0) -> 0 | AR100: =IFERROR(__xludf.DUMMYFUNCTION("arrayformula( if( sum(J100:AN100 + 0), max( len( split( concatenate( left(J100:AN100) ), ""F"" ) ) ), ""0"" ) )"),"0") -> 0 | AS100: 15 | AT100: =AO100/AS100 -> 0
...
